-- MySQL dump 10.13  Distrib 8.0.36, for Win64 (x86_64)
--
-- Host: localhost    Database: rig
-- ------------------------------------------------------
-- Server version	8.0.36

/*!40101 SET @OLD_CHARACTER_SET_CLIENT=@@CHARACTER_SET_CLIENT */;
/*!40101 SET @OLD_CHARACTER_SET_RESULTS=@@CHARACTER_SET_RESULTS */;
/*!40101 SET @OLD_COLLATION_CONNECTION=@@COLLATION_CONNECTION */;
/*!50503 SET NAMES utf8 */;
/*!40103 SET @OLD_TIME_ZONE=@@TIME_ZONE */;
/*!40103 SET TIME_ZONE='+00:00' */;
/*!40014 SET @OLD_UNIQUE_CHECKS=@@UNIQUE_CHECKS, UNIQUE_CHECKS=0 */;
/*!40014 SET @OLD_FOREIGN_KEY_CHECKS=@@FOREIGN_KEY_CHECKS, FOREIGN_KEY_CHECKS=0 */;
/*!40101 SET @OLD_SQL_MODE=@@SQL_MODE, SQL_MODE='NO_AUTO_VALUE_ON_ZERO' */;
/*!40111 SET @OLD_SQL_NOTES=@@SQL_NOTES, SQL_NOTES=0 */;

--
-- Table structure for table `__efmigrationshistory`
--

DROP TABLE IF EXISTS `__efmigrationshistory`;
/*!40101 SET @saved_cs_client     = @@character_set_client */;
/*!50503 SET character_set_client = utf8mb4 */;
CREATE TABLE `__efmigrationshistory` (
  `MigrationId` varchar(150) CHARACTER SET utf8mb4 COLLATE utf8mb4_0900_ai_ci NOT NULL,
  `ProductVersion` varchar(32) CHARACTER SET utf8mb4 COLLATE utf8mb4_0900_ai_ci NOT NULL,
  PRIMARY KEY (`MigrationId`)
) ENGINE=InnoDB DEFAULT CHARSET=utf8mb4 COLLATE=utf8mb4_0900_ai_ci;
/*!40101 SET character_set_client = @saved_cs_client */;

--
-- Dumping data for table `__efmigrationshistory`
--

LOCK TABLES `__efmigrationshistory` WRITE;
/*!40000 ALTER TABLE `__efmigrationshistory` DISABLE KEYS */;
INSERT INTO `__efmigrationshistory` VALUES ('00000000000000_CreateIdentitySchema','8.0.8');
/*!40000 ALTER TABLE `__efmigrationshistory` ENABLE KEYS */;
UNLOCK TABLES;

--
-- Table structure for table `actualdetailtlip`
--

DROP TABLE IF EXISTS `actualdetailtlip`;
/*!40101 SET @saved_cs_client     = @@character_set_client */;
/*!50503 SET character_set_client = utf8mb4 */;
CREATE TABLE `actualdetailtlip` (
  `ActualDetailID` int NOT NULL AUTO_INCREMENT,
  `PartNo` varchar(100) NOT NULL,
  `Quantity` int DEFAULT NULL,
  `QuantityRemain` int DEFAULT NULL,
  `QuantityScan` int DEFAULT NULL,
  `ActualReceivedID` int NOT NULL,
  PRIMARY KEY (`ActualDetailID`),
  KEY `ActualReceivedID` (`ActualReceivedID`),
  CONSTRAINT `actualdetailtlip_ibfk_1` FOREIGN KEY (`ActualReceivedID`) REFERENCES `actualreceivedtlip` (`ActualReceivedID`)
) ENGINE=InnoDB AUTO_INCREMENT=1125 DEFAULT CHARSET=utf8mb4 COLLATE=utf8mb4_0900_ai_ci;
/*!40101 SET character_set_client = @saved_cs_client */;

--
-- Dumping data for table `actualdetailtlip`
--

LOCK TABLES `actualdetailtlip` WRITE;
/*!40000 ALTER TABLE `actualdetailtlip` DISABLE KEYS */;
INSERT INTO `actualdetailtlip` VALUES (1,'VN012020-0380',2592,0,NULL,1),(2,'VN012020-0390',1760,0,NULL,1),(3,'VN012075-0040',4000,4000,NULL,1),(4,'VN079659-0090',7500,0,NULL,1),(5,'VN082028-0340',4000,4000,NULL,1),(6,'VN082042-0070',4000,4000,NULL,1),(7,'VN229739-0060',10000,0,NULL,1),(8,'VN198811-7450',2430,0,NULL,2),(9,'VN012020-0240',2520,0,NULL,3),(10,'VN197427-0090',450,0,NULL,3),(11,'VN198827-7000',2000,0,NULL,3),(12,'VN270135-0011',3000,0,NULL,3),(13,'VN012020-0290',825,0,NULL,4),(14,'VN012025-0101',1200,0,NULL,4),(15,'VN012025-0290',3024,0,NULL,4),(16,'VN270133-0010',400,0,NULL,4),(17,'VN150111-0381',300,0,NULL,5),(18,'VN012025-0340',3840,0,NULL,6),(19,'VN082311-0040',30,30,NULL,6),(20,'VN270111-1260',864,0,NULL,6),(21,'VN082330-0010',1216,0,NULL,7),(22,'VN082330-0030',1024,0,NULL,7),(23,'VN229740-0540',3024,0,NULL,7),(24,'VN229740-0680TS',9072,0,NULL,7),(25,'VN229740-0620',6048,0,NULL,8),(26,'VN012025-0170',1600,0,NULL,9),(27,'VN012036-0090',1600,0,NULL,9),(28,'VN012036-0100',1600,0,NULL,9),(29,'VN012036-0110',9600,0,NULL,9),(30,'VN012063-0350',1750,0,NULL,9),(31,'VN012063-0380',3600,0,NULL,9),(32,'VN082323-0010',1152,0,NULL,9),(33,'VN150141-0100',3584,0,NULL,9),(34,'VN150146-0020',3584,0,NULL,9),(35,'VN082021-0110',504,0,NULL,10),(36,'VN150111-0381',600,0,NULL,10),(37,'VN012026-0020',5500,5500,NULL,11),(38,'VN012026-0050',1500,1500,NULL,11),(39,'VN012075-0050',2400,2400,NULL,11),(40,'VN082066-1470',3200,3200,NULL,11),(41,'VN082066-1500',2700,2700,NULL,11),(42,'VN082066-1560',8000,8000,NULL,11),(43,'VN082341-0010',320,0,NULL,11),(44,'VN079651-2020',1500,0,NULL,12),(45,'VN079651-2180',2000,0,NULL,12),(46,'VN079651-2250',15360,0,NULL,12),(47,'VN230517-0370',6600,0,NULL,12),(48,'VN230517-0380',6600,0,NULL,12),(49,'VN230551-0170',7680,0,NULL,12),(50,'VN230551-0180',7680,0,NULL,12),(51,'VN082028-0350',2000,2000,NULL,13),(52,'VN082042-0070',4000,4000,NULL,13),(53,'VN229739-0060',10000,0,NULL,13),(54,'VN229767-0130',10000,0,NULL,13),(55,'VN150111-0381',300,0,NULL,14),(56,'VN012020-0380',1296,0,NULL,15),(57,'VN082042-0070',4000,4000,NULL,15),(58,'VN150111-0381',300,0,NULL,16),(59,'VN270133-0010',800,800,NULL,17),(60,'VN270135-0011',3000,3000,NULL,17),(61,'VN150111-0381',600,0,NULL,18),(62,'VN082066-1510',2700,2700,NULL,19),(63,'VN082066-1570',4500,4500,NULL,19),(64,'VN082066-1580',1800,1800,NULL,19),(65,'VN082341-0010',320,0,NULL,19),(66,'VN150155-0120',1200,1200,NULL,19),(67,'VN012035-0040',25600,0,NULL,20),(68,'VN012035-0060',3200,0,NULL,20),(69,'VN012035-0080',57600,0,NULL,20),(70,'VN079667-0290',6000,0,NULL,20),(71,'VN079667-0300',96000,0,NULL,20),(72,'VN079667-0310',96000,0,NULL,20),(73,'VN082041-0150',17000,0,NULL,20),(74,'VN082041-0160',14280,0,NULL,20),(75,'VN229751-0280',43200,0,NULL,20),(76,'VN229761-0120',72000,0,NULL,20),(77,'VN012025-0290',3024,0,NULL,21),(78,'VN270133-0010',400,400,NULL,21),(79,'VN012020-0380',1296,0,NULL,22),(80,'VN012075-0040',2000,2000,NULL,22),(81,'VN079634-0120',1500,1500,NULL,22),(82,'VN079659-0090',7500,7500,NULL,22),(83,'VN082028-0350',2000,2000,NULL,22),(84,'VN082042-0070',4000,4000,NULL,22),(85,'VN150163-0010',5000,5000,NULL,22),(86,'VN229739-0060',10000,10000,NULL,22),(87,'VN229767-0130',10000,10000,NULL,22),(88,'VN150111-0381',300,0,NULL,23),(89,'HV012020-0420',3456,0,NULL,24),(90,'HV079640-0730',3840,0,NULL,24),(91,'HV079640-0830',3840,0,NULL,24),(92,'HV079640-0850',3840,0,NULL,24),(93,'HV079640-0870',7680,0,NULL,24),(94,'HV079640-1140',3840,0,NULL,24),(95,'HV079640-1190',6720,0,NULL,24),(96,'HV192300-5010',576,0,NULL,24),(97,'HV192300-5050',2304,0,NULL,24),(98,'HV192300-7041',4608,0,NULL,24),(99,'HV230440-0020',9720,0,NULL,24),(100,'HV270150-0010',4320,0,NULL,24),(101,'VN079610-1380',13440,0,NULL,25),(102,'VN079653-0070',18000,0,NULL,26),(103,'VN079659-0100',20000,0,NULL,26),(104,'VN082364-0010',8000,0,NULL,26),(105,'VN230539-0060',10000,0,NULL,26),(106,'VN012025-0310',1440,0,NULL,27),(107,'VN012025-0340',3840,0,NULL,27),(108,'VN012064-0150',2688,0,NULL,27),(109,'VN012064-0160',2688,0,NULL,27),(110,'VN270111-1620',2880,0,NULL,27),(111,'VN198812-8750',1134,0,NULL,28),(112,'VN198812-8880',378,0,NULL,28),(113,'VN198812-8961',378,0,NULL,28),(114,'VN198812-9010',1512,0,NULL,28),(115,'VN198812-9060',324,0,NULL,28),(116,'VN198812-9100',324,0,NULL,28),(117,'VN198812-9110',378,0,NULL,28),(118,'VN270112-1510',378,0,NULL,28),(119,'VN079617-1990',6720,0,NULL,29),(120,'VN079617-2030',840,0,NULL,29),(121,'VN079617-2250',1680,0,NULL,29),(122,'VN229717-0760',4480,0,NULL,29),(123,'VN229732-0450',9216,0,NULL,29),(124,'VN229781-0080',14400,0,NULL,30),(125,'VN082035-0050',5000,0,NULL,31),(126,'VN198827-7000',2000,0,NULL,31),(127,'VN270133-0010',400,0,NULL,31),(128,'VN198811-7450',2430,0,NULL,32),(129,'VN270133-0010',400,0,NULL,33),(130,'VN150111-0381',600,0,NULL,34),(131,'VN082031-0080',12000,0,NULL,35),(132,'VN082031-0090',14400,0,NULL,35),(133,'VN082031-0101',7200,0,NULL,35),(134,'VN229861-3680',3072,0,NULL,36),(135,'VN079649-0290',180000,0,NULL,37),(136,'VN082351-0010',14872,0,NULL,37),(137,'VN082352-0010',16000,0,NULL,37),(138,'VN082352-0020',16800,0,NULL,37),(139,'VN082353-0010',14080,0,NULL,37),(140,'VN082353-0020',8960,0,NULL,37),(141,'VN139729-0140',2500,0,NULL,37),(142,'VN229771-0040',174000,0,NULL,37),(143,'VN229771-0080',168000,0,NULL,37),(144,'VN229771-0090',342000,0,NULL,37),(145,'VN012031-0040',12000,0,NULL,38),(146,'VN012031-0130',6912,0,NULL,38),(147,'VN012031-0140',25344,0,NULL,38),(148,'VN079610-1230',16170,0,NULL,39),(149,'VN079651-2430',14560,0,NULL,39),(150,'VN079651-2440',10080,0,NULL,39),(151,'VN082053-0160',9600,0,NULL,39),(152,'VN082054-0090',9216,0,NULL,39),(153,'VN082055-0200',11520,0,NULL,39),(154,'VN082056-0120',21600,0,NULL,39),(155,'VN082056-0131',8640,0,NULL,39),(156,'VN150151-0220',10320,0,NULL,39),(157,'VN150151-0350',960,0,NULL,39),(158,'VN198814-7100',6000,0,NULL,39),(159,'VN198814-7110',7500,0,NULL,39),(160,'VN230411-0020',27648,0,NULL,39),(161,'VN230517-0431',8640,0,NULL,39),(162,'VN230517-0441',6480,0,NULL,39),(163,'VN234056-2360',21000,0,NULL,39),(164,'VN150151-0150',1260,0,NULL,40),(165,'VN012020-0290',300,300,NULL,41),(166,'VN012025-0090',3000,3000,NULL,41),(167,'VN270133-0010',400,400,NULL,41),(168,'VN198811-7450',2430,0,NULL,42),(169,'VN012020-0290',1500,1500,NULL,43),(170,'VN012025-0101',1600,1600,NULL,43),(171,'VN012025-0290',3024,0,NULL,43),(172,'VN082035-0050',10000,10000,NULL,43),(173,'VN082081-0010',5000,5000,NULL,43),(174,'VN198827-7000',2000,2000,NULL,43),(175,'VN270133-0010',400,400,NULL,43),(176,'VN198811-7450',4860,0,NULL,44),(177,'VN150111-0381',600,0,NULL,45),(178,'VN012020-0380',2592,0,NULL,46),(179,'VN012075-0040',2000,2000,NULL,46),(180,'VN082028-0340',4000,4000,NULL,46),(181,'VN082042-0070',8000,8000,NULL,46),(182,'VN230431-0010',5400,0,NULL,46),(183,'VN012036-0110',9600,0,NULL,47),(184,'VN012063-0350',1750,0,NULL,47),(185,'VN012063-0380',3600,0,NULL,47),(186,'VN012063-0430',4800,0,NULL,47),(187,'VN082323-0010',576,0,NULL,47),(188,'VN150141-0100',3584,0,NULL,47),(189,'VN150141-0221',896,0,NULL,47),(190,'VN150146-0020',3584,0,NULL,47),(191,'VN150146-0070',896,0,NULL,47),(192,'VN082330-0010',576,0,NULL,48),(193,'VN229740-0680TS',9072,0,NULL,48),(194,'VN229740-0730',3024,0,NULL,48),(195,'VN229740-0620',6048,0,NULL,49),(196,'VN082311-0020',1920,0,NULL,50),(197,'VN082311-0030',1080,0,NULL,50),(198,'VN079617-1990',4480,0,NULL,51),(199,'VN079617-2030',840,0,NULL,51),(200,'VN079617-2250',1680,0,NULL,51),(201,'VN079617-2300',840,0,NULL,51),(202,'VN079630-0590',960,0,NULL,51),(203,'VN079630-0610',960,0,NULL,51),(204,'VN229717-0760',4480,0,NULL,51),(205,'VN229717-0830',6720,0,NULL,51),(206,'VN150157-0050',64000,0,NULL,52),(207,'VN150157-0070',600,0,NULL,52),(208,'VN079610-0860',5184,0,NULL,53),(209,'VN079617-1650',10224,0,NULL,54),(210,'VN079651-1890',5940,0,NULL,54),(211,'VN079651-1900',7200,0,NULL,54),(212,'VN079651-1910',7200,0,NULL,54),(213,'VN082053-0170',7680,0,NULL,54),(214,'VN082053-0190',9180,0,NULL,54),(215,'VN082053-0250',1680,0,NULL,54),(216,'VN135051-1020HR',100,0,NULL,54),(217,'VN150161-0180',9120,0,NULL,54),(218,'VN150161-0190',2400,0,NULL,54),(219,'VN150161-0250',480,0,NULL,54),(220,'VN150161-0360',1440,0,NULL,54),(221,'VN230517-0351',11200,0,NULL,54),(222,'VN230517-0470',16800,0,NULL,54),(223,'VN230517-0490',22400,0,NULL,54),(224,'VN230551-0200',10560,0,NULL,54),(225,'VN230551-0210',10560,0,NULL,54),(226,'VN229717-0820',8960,0,NULL,55),(227,'VN150111-0381',600,0,NULL,56),(228,'VN012026-0020',250,250,NULL,57),(229,'VN012026-0050',1750,1750,NULL,57),(230,'VN012075-0050',2400,2400,NULL,57),(231,'VN079644-1310',6000,6000,NULL,57),(232,'VN082066-1531',2100,2100,NULL,57),(233,'VN082066-1550',2400,2400,NULL,57),(234,'VN082066-1580',1800,1800,NULL,57),(235,'VN082341-0010',640,0,NULL,57),(236,'VN082341-0020',1920,0,NULL,57),(237,'VN150111-0381',600,0,NULL,58),(238,'VN012020-0380',1296,0,NULL,59),(239,'VN082028-0350',2000,2000,NULL,59),(240,'VN082042-0070',4000,4000,NULL,59),(241,'VN135013-2850',720,0,NULL,60),(242,'VN150111-0710',640,0,NULL,60),(243,'VN198811-7660',960,0,NULL,60),(244,'VN198811-8000',1280,0,NULL,60),(245,'VN198872-7130',2880,0,NULL,60),(246,'VN198872-7140',1920,0,NULL,60),(247,'VN270172-0190',960,0,NULL,60),(248,'VN270172-0200',320,0,NULL,60),(249,'VN270172-0210',3840,0,NULL,60),(250,'VN949331-1800',700,0,NULL,60),(251,'VN949331-1840',100,0,NULL,60),(252,'VN949331-1910',100,0,NULL,60),(253,'VN150111-0190',350,0,NULL,61),(254,'VN012026-0050',2000,2000,NULL,62),(255,'VN012075-0050',800,0,NULL,62),(256,'VN082066-1470',3200,3200,NULL,62),(257,'VN082066-1490',12000,12000,NULL,62),(258,'VN082066-1500',2700,2700,NULL,62),(259,'VN082066-1510',2700,2700,NULL,62),(260,'VN082066-1520',4500,4500,NULL,62),(261,'VN082066-1540',5400,5400,NULL,62),(262,'VN082066-1580',1800,1800,NULL,62),(263,'VN082341-0010',320,0,NULL,62),(264,'VN082342-0010',1920,0,NULL,62),(265,'VN150155-0120',1200,1200,NULL,62),(266,'VN012020-0380',1296,0,NULL,63),(267,'VN012020-0390',384,0,NULL,63),(268,'VN012075-0040',6000,6000,NULL,63),(269,'VN082042-0070',8000,8000,NULL,63),(270,'VN197423-4000',600,600,NULL,63),(271,'VN229739-0060',10000,0,NULL,63),(272,'VN150111-0381',300,0,NULL,64),(273,'VN150111-0381',600,0,NULL,65),(274,'VN012020-0380',1296,0,NULL,66),(275,'VN079659-0090',7500,0,NULL,66),(276,'VN082028-0350',2000,2000,NULL,66),(277,'VN082042-0070',4000,4000,NULL,66),(278,'VN197423-0112',2160,0,NULL,66),(279,'HV012020-0420',3456,0,NULL,67),(280,'HV079640-0830',3840,0,NULL,67),(281,'HV079640-0850',3840,0,NULL,67),(282,'HV079640-0870',7680,0,NULL,67),(283,'HV079640-0910',3840,0,NULL,67),(284,'HV079640-1140',7680,0,NULL,67),(285,'HV079640-1180',6720,0,NULL,67),(286,'HV192300-5020',576,0,NULL,67),(287,'HV192300-5050',2880,0,NULL,67),(288,'HV192300-7031',576,0,NULL,67),(289,'HV192300-7041',4608,0,NULL,67),(290,'HV230440-0020',9720,0,NULL,67),(291,'HV270150-0010',2880,0,NULL,67),(292,'VN079610-0930',10368,0,NULL,68),(293,'VN079610-1380',6720,0,NULL,68),(294,'VN079612-0590',7776,0,NULL,68),(295,'VN198812-8750',756,0,NULL,69),(296,'VN198812-8880',378,0,NULL,69),(297,'VN198812-8961',378,0,NULL,69),(298,'VN198812-9010',756,0,NULL,69),(299,'VN198812-9110',378,0,NULL,69),(300,'VN198812-9120',378,0,NULL,69),(301,'VN270112-0160',378,0,NULL,69),(302,'VN270112-1510',378,0,NULL,69),(303,'VN270112-1570',378,0,NULL,69),(304,'VN270112-1670',378,0,NULL,69),(305,'VN079617-1630',4480,0,NULL,70),(306,'VN079617-1990',6720,0,NULL,70),(307,'VN079617-2000',2240,0,NULL,70),(308,'VN079617-2250',840,0,NULL,70),(309,'VN079617-2310',840,0,NULL,70),(310,'VN229732-0450',9216,0,NULL,70),(311,'VN229781-0080',21600,0,NULL,71),(312,'VN012079-0080',5000,0,NULL,72),(313,'VN150166-0020',4000,0,NULL,72),(314,'VN082021-0110',504,504,NULL,73),(315,'VN150111-0381',300,0,NULL,73),(316,'VN082066-1480',18000,18000,NULL,74),(317,'VN082066-1531',2100,2100,NULL,74),(318,'VN150155-0120',800,800,NULL,74),(319,'VN012020-0380',2592,0,NULL,75),(320,'VN012075-0040',2000,2000,NULL,75),(321,'VN079634-0120',1500,1500,NULL,75),(322,'VN082028-0340',4000,4000,NULL,75),(323,'VN082042-0070',8000,8000,NULL,75),(324,'VN150163-0010',5000,5000,NULL,75),(325,'VN197423-4000',600,0,NULL,75),(326,'VN229739-0060',10000,10000,NULL,75),(327,'VN229767-0130',10000,10000,NULL,75),(328,'VN230431-0010',5400,0,NULL,75),(329,'VN198811-7450',2430,0,NULL,76),(330,'VN082081-0010',10000,10000,NULL,77),(331,'VN197427-0090',900,900,NULL,77),(332,'VN197428-0210',2000,2000,NULL,77),(333,'VN270133-0010',400,400,NULL,77),(334,'VN082021-0110',1008,0,NULL,78),(335,'VN150111-0381',600,0,NULL,78),(336,'VN012036-0110',9600,0,NULL,79),(337,'VN012063-0350',2000,0,NULL,79),(338,'VN012063-0380',3600,0,NULL,79),(339,'VN012063-0430',4800,0,NULL,79),(340,'VN082323-0010',1152,0,NULL,79),(341,'VN150141-0100',3584,0,NULL,79),(342,'VN150146-0020',3584,0,NULL,79),(343,'VN082330-0010',576,0,NULL,80),(344,'VN082330-0030',1024,0,NULL,80),(345,'VN229740-0540',3024,0,NULL,80),(346,'VN229740-0680TS',9072,0,NULL,80),(347,'VN229740-0620',6048,0,NULL,81),(348,'VN082311-0010',900,0,NULL,82),(349,'VN082311-0020',912,0,NULL,82),(350,'VN079617-1990',2240,0,NULL,83),(351,'VN079617-2020',840,0,NULL,83),(352,'VN079617-2250',840,0,NULL,83),(353,'VN079617-2300',840,0,NULL,83),(354,'VN079617-2310',840,0,NULL,83),(355,'VN079630-0510',318,0,NULL,83),(356,'VN079630-0590',960,0,NULL,83),(357,'VN079630-0610',960,0,NULL,83),(358,'VN150113-0210',3360,0,NULL,83),(359,'VN150113-0340',420,0,NULL,83),(360,'VN229717-0830',2240,0,NULL,83),(361,'VN198849-7040',24000,0,NULL,84),(362,'VN270147-0010',36600,0,NULL,84),(363,'VN079651-2020',1000,0,NULL,85),(364,'VN079651-2180',3000,0,NULL,85),(365,'VN079651-2250',7680,0,NULL,85),(366,'VN230517-0370',6600,0,NULL,85),(367,'VN230517-0380',6600,0,NULL,85),(368,'VN230551-0170',7680,0,NULL,85),(369,'VN230551-0180',7680,0,NULL,85),(370,'VN230551-0190',10240,0,NULL,85),(371,'VN230517-0380',6600,6600,NULL,86),(372,'VN150111-0381',300,0,NULL,87),(373,'VN012026-0020',250,250,NULL,88),(374,'VN012026-0050',1000,1000,NULL,88),(375,'VN012075-0050',4000,4000,NULL,88),(376,'VN079644-1310',6000,6000,NULL,88),(377,'VN082066-1470',3200,3200,NULL,88),(378,'VN082066-1500',2700,2700,NULL,88),(379,'VN082066-1510',2700,2700,NULL,88),(380,'VN082066-1531',2100,2100,NULL,88),(381,'VN082066-1550',2400,2400,NULL,88),(382,'VN082066-1560',8000,8000,NULL,88),(383,'VN082066-1580',1800,1800,NULL,88),(384,'VN082066-1590',2700,2700,NULL,88),(385,'VN082341-0010',320,0,NULL,88),(386,'VN150155-0120',1200,1200,NULL,88),(387,'VN082021-0110',1008,0,NULL,89),(388,'VN150111-0381',300,0,NULL,89),(389,'VN079659-0090',7500,0,NULL,90),(390,'VN082028-0350',2000,2000,NULL,90),(391,'VN082042-0070',4000,4000,NULL,90),(392,'VN197423-0112',2160,0,NULL,90),(393,'VN197423-0131',102,0,NULL,90),(394,'VN197423-4000',600,600,NULL,90),(395,'VN012020-0290',900,900,NULL,91),(396,'VN012025-0090',3000,3000,NULL,91),(397,'VN012025-0101',1200,0,NULL,91),(398,'VN082081-0010',5000,0,NULL,91),(399,'VN197427-4010',300,300,NULL,91),(400,'VN270133-0010',400,0,NULL,91),(401,'VN012020-0380',1296,0,NULL,92),(402,'VN012020-0390',384,0,NULL,92),(403,'VN012075-0040',4000,4000,NULL,92),(404,'VN079659-0090',7500,0,NULL,92),(405,'VN082042-0070',4000,4000,NULL,92),(406,'VN229739-0060',10000,0,NULL,92),(407,'VN229767-0130',10000,0,NULL,92),(408,'VN150111-0381',300,0,NULL,93),(409,'229862-1530',192,0,NULL,94),(410,'DH079613-0080',112000,0,NULL,94),(411,'DH079618-1110',23040,0,NULL,94),(412,'DH079618-1450',11520,0,NULL,94),(413,'VN082021-0110',504,0,NULL,95),(414,'VN150111-0381',600,0,NULL,95),(415,'VN012026-0020',500,500,NULL,96),(416,'VN012026-0050',500,500,NULL,96),(417,'VN082066-1470',3200,3200,NULL,96),(418,'VN082066-1520',4500,4500,NULL,96),(419,'VN082066-1531',2100,2100,NULL,96),(420,'VN082066-1550',2400,2400,NULL,96),(421,'VN082066-1600',3600,3600,NULL,96),(422,'VN082341-0010',320,0,NULL,96),(423,'VN150155-0120',2000,2000,NULL,96),(424,'VN012020-0290',525,525,NULL,97),(425,'VN012025-0101',400,400,NULL,97),(426,'VN197427-0090',900,900,NULL,97),(427,'VN012035-0040',25600,0,NULL,98),(428,'VN012035-0060',1600,0,NULL,98),(429,'VN012035-0080',38400,0,NULL,98),(430,'VN079667-0290',12000,0,NULL,98),(431,'VN079667-0300',72000,0,NULL,98),(432,'VN079667-0310',48000,0,NULL,98),(433,'VN082041-0150',17000,0,NULL,98),(434,'VN082041-0160',16320,0,NULL,98),(435,'VN229751-0280',61200,0,NULL,98),(436,'VN229761-0120',86400,0,NULL,98),(437,'VN012025-0290',3024,0,NULL,99),(438,'VN082035-0050',5000,5000,NULL,99),(439,'VN082081-0010',5000,5000,NULL,99),(440,'VN197427-0090',450,450,NULL,99),(441,'VN198827-7000',2000,0,NULL,99),(442,'VN270133-0010',400,400,NULL,99),(443,'VN198811-7450',2430,0,NULL,100),(444,'VN270133-0010',400,0,NULL,101),(445,'VN012020-0380',1296,0,NULL,102),(446,'VN012020-0390',192,0,NULL,102),(447,'VN012075-0040',2000,2000,NULL,102),(448,'VN079634-0120',1500,1500,NULL,102),(449,'VN082028-0350',2000,2000,NULL,102),(450,'VN082042-0070',4000,4000,NULL,102),(451,'VN230431-0010',5400,0,NULL,102),(452,'VN082021-0110',504,0,NULL,103),(453,'VN150111-0381',600,0,NULL,103),(454,'VN079634-0160',30000,0,NULL,104),(455,'VN079610-0930',10368,0,NULL,105),(456,'VN079610-0950',13440,0,NULL,105),(457,'VN079610-1120',5184,0,NULL,105),(458,'VN079610-1380',13440,0,NULL,105),(459,'HV012020-0420',3456,0,NULL,106),(460,'HV079640-0730',3840,0,NULL,106),(461,'HV079640-0830',3840,0,NULL,106),(462,'HV079640-0850',3840,0,NULL,106),(463,'HV079640-0870',7680,0,NULL,106),(464,'HV079640-0910',7680,0,NULL,106),(465,'HV079640-1140',3840,0,NULL,106),(466,'HV079640-1190',6720,0,NULL,106),(467,'HV192300-5050',3456,0,NULL,106),(468,'HV192300-7031',576,0,NULL,106),(469,'HV192300-7041',4608,0,NULL,106),(470,'HV230440-0020',9720,0,NULL,106),(471,'HV270150-0010',4320,0,NULL,106),(472,'VN082311-0030',360,0,NULL,107),(473,'VN082311-0040',432,0,NULL,107),(474,'VN270111-1610',576,0,NULL,107),(475,'VN270111-1620',1728,0,NULL,107),(476,'VN012016-6111',80000,0,NULL,108),(477,'VN012016-7010',112500,0,NULL,108),(478,'VN012016-7020',40000,0,NULL,108),(479,'VN135033-9051',600,0,NULL,108),(480,'VN135033-9071',100,0,NULL,108),(481,'VN139704-1590',500,0,NULL,108),(482,'VN139704-1610',500,0,NULL,108),(483,'VN139704-1832',500,0,NULL,108),(484,'VN139704-1930',500,0,NULL,108),(485,'VN139704-2000',500,0,NULL,108),(486,'VN150104-0230',1250,0,NULL,108),(487,'VN150104-0351',50000,0,NULL,108),(488,'VN198812-8750',1512,0,NULL,109),(489,'VN198812-8961',378,0,NULL,109),(490,'VN198812-9000',756,0,NULL,109),(491,'VN198812-9010',756,0,NULL,109),(492,'VN198812-9060',324,0,NULL,109),(493,'VN198812-9110',756,0,NULL,109),(494,'VN198812-9120',756,0,NULL,109),(495,'VN270112-1510',378,0,NULL,109),(496,'VN229781-0080',14400,0,NULL,110),(497,'VN079617-1630',4480,0,NULL,111),(498,'VN079617-1990',2240,0,NULL,111),(499,'VN079617-2250',840,0,NULL,111),(500,'VN079617-2300',840,0,NULL,111),(501,'VN229717-0760',2240,0,NULL,111),(502,'VN229732-0450',9216,0,NULL,111),(503,'VN197427-0090',900,900,NULL,112),(504,'VN197428-0210',2000,2000,NULL,112),(505,'VN270133-0010',400,400,NULL,112),(506,'VN198811-7450',2430,0,NULL,113),(507,'VN012020-0290',225,0,NULL,114),(508,'VN197427-0090',900,0,NULL,114),(509,'VN197427-4010',300,0,NULL,114),(510,'VN198827-7000',2000,2000,NULL,114),(511,'VN270133-0010',800,0,NULL,114),(512,'VN270135-0011',3000,3000,NULL,114),(513,'VN012020-0290',450,0,NULL,115),(514,'VN012025-0090',3000,3000,NULL,115),(515,'VN012025-0101',400,0,NULL,115),(516,'VN012025-0290',3024,0,NULL,115),(517,'VN082035-0050',5000,0,NULL,115),(518,'VN197427-0090',450,0,NULL,115),(519,'VN197427-4000',300,0,NULL,115),(520,'VN270133-0010',400,400,NULL,115),(521,'VN082021-0110',504,0,NULL,116),(522,'VN012020-0380',1296,0,NULL,117),(523,'VN012075-0040',2000,2000,NULL,117),(524,'VN079659-0090',7500,0,NULL,117),(525,'VN082028-0340',4000,4000,NULL,117),(526,'VN082042-0070',8000,8000,NULL,117),(527,'VN197423-0112',2160,0,NULL,117),(528,'VN229767-0130',10000,0,NULL,117),(529,'VN230431-0010',5400,0,NULL,117),(530,'VN012036-0110',9600,0,NULL,118),(531,'VN012063-0350',1750,0,NULL,118),(532,'VN012063-0380',3600,0,NULL,118),(533,'VN082323-0010',1728,0,NULL,118),(534,'VN150141-0100',3584,0,NULL,118),(535,'VN150141-0221',448,0,NULL,118),(536,'VN150146-0020',3584,0,NULL,118),(537,'VN150146-0070',448,0,NULL,118),(538,'VN082330-0010',576,0,NULL,119),(539,'VN229740-0680TS',9072,0,NULL,119),(540,'VN229740-0620',6048,0,NULL,120),(541,'VN079617-1630',2240,0,NULL,121),(542,'VN079617-1990',4480,0,NULL,121),(543,'VN079617-2000',2240,0,NULL,121),(544,'VN079617-2250',840,0,NULL,121),(545,'VN079617-2310',840,0,NULL,121),(546,'VN079630-0590',960,0,NULL,121),(547,'VN079630-0610',960,0,NULL,121),(548,'VN150113-0210',3360,0,NULL,121),(549,'VN229717-0760',4480,0,NULL,121),(550,'VN229717-0830',2240,0,NULL,121),(551,'VN082311-0010',900,0,NULL,122),(552,'VN082311-0020',912,0,NULL,122),(553,'VN198876-7020',25500,0,NULL,123),(554,'VN198876-7110',27000,0,NULL,123),(555,'VN270131-0020',17500,0,NULL,123),(556,'VN270180-0020',18600,0,NULL,123),(557,'VN082021-0110',504,0,NULL,124),(558,'VN150111-0381',300,0,NULL,124),(559,'VN012026-0020',500,500,NULL,125),(560,'VN012026-0050',750,750,NULL,125),(561,'VN012075-0050',3200,3200,NULL,125),(562,'VN082066-1470',3200,3200,NULL,125),(563,'VN082066-1540',5400,5400,NULL,125),(564,'VN082066-1580',1800,1800,NULL,125),(565,'VN082066-1590',2700,2700,NULL,125),(566,'VN082341-0010',320,0,NULL,125),(567,'VN082341-0020',1920,0,NULL,125),(568,'VN082342-0010',1920,0,NULL,125),(569,'VN150155-0120',800,800,NULL,125),(570,'VN012020-0380',1296,0,NULL,126),(571,'VN082028-0350',2000,2000,NULL,126),(572,'VN082042-0070',8000,8000,NULL,126),(573,'VN197423-0112',2160,0,NULL,126),(574,'VN197423-4000',600,0,NULL,126),(575,'VN229739-0060',10000,0,NULL,126),(576,'VN082021-0110',504,0,NULL,127),(577,'VN150111-0381',300,0,NULL,127),(578,'AE235100-0820',35880,0,NULL,128),(579,'VN082021-0110',1008,0,NULL,129),(580,'VN150111-0381',600,0,NULL,129),(581,'VN012020-0380',1296,0,NULL,130),(582,'VN012075-0040',2000,2000,NULL,130),(583,'VN082042-0070',4000,4000,NULL,130),(584,'VN150163-0010',5000,0,NULL,130),(585,'VN229739-0060',10000,0,NULL,130),(586,'VN229767-0130',10000,0,NULL,130),(587,'VN082011-0090',23040,0,NULL,131),(588,'VN082021-0110',1512,0,NULL,132),(589,'VN150111-0381',900,0,NULL,132),(590,'VN012026-0020',1000,1000,NULL,133),(591,'VN082066-1550',2400,0,NULL,133),(592,'VN082066-1590',2700,0,NULL,133),(593,'VN082341-0010',320,0,NULL,133),(594,'VN150155-0120',1600,1600,NULL,133),(595,'VN197427-0090',450,0,NULL,134),(596,'VN198827-7000',2000,0,NULL,134),(597,'VN270133-0010',800,0,NULL,134),(604,'VN012025-0090',3000,3000,NULL,137),(605,'VN197427-0090',1800,1800,NULL,137),(606,'VN270133-0010',400,400,NULL,137),(607,'VN270135-0011',3000,3000,NULL,137),(608,'VN012020-0240',2520,0,NULL,138),(609,'VN197427-0090',450,450,NULL,138),(610,'VN197428-0210',2000,2000,NULL,138),(611,'VN270133-0010',400,400,NULL,138),(612,'VN012020-0380',1296,0,NULL,139),(613,'VN012020-0390',1376,0,NULL,139),(614,'VN012075-0040',2000,2000,NULL,139),(615,'VN079659-0090',7500,7500,NULL,139),(616,'VN082042-0070',4000,4000,NULL,139),(617,'VN230431-0010',5400,0,NULL,139),(618,'VN082021-0110',504,0,NULL,140),(619,'VN150111-0381',300,0,NULL,140),(620,'HV012020-0420',3456,0,NULL,141),(621,'HV079640-0830',3840,3840,NULL,141),(622,'HV079640-0850',3840,3840,NULL,141),(623,'HV079640-0870',7680,7680,NULL,141),(624,'HV079640-0910',3840,3840,NULL,141),(625,'HV079640-1140',7680,7680,NULL,141),(626,'HV079640-1180',6720,6720,NULL,141),(627,'HV192300-5010',576,576,NULL,141),(628,'HV192300-5050',6336,6336,NULL,141),(629,'HV192300-7031',1152,1152,NULL,141),(630,'HV192300-7041',5760,5760,NULL,141),(631,'HV230440-0020',4860,4860,NULL,141),(632,'HV270150-0010',2880,2880,NULL,141),(633,'VN079634-0160',30000,0,NULL,142),(634,'VN079610-0930',10368,0,NULL,143),(635,'VN079610-0950',13440,0,NULL,143),(636,'VN079610-1380',6720,0,NULL,143),(637,'VN270111-1610',1152,0,NULL,144),(638,'VN012025-0340',2880,0,NULL,144),(639,'VN012064-0150',2688,0,NULL,144),(640,'VN012064-0160',2688,0,NULL,144),(641,'VN082311-0030',540,0,NULL,144),(642,'VN012025-0310',2160,0,NULL,144),(643,'VN270111-1620',1152,0,NULL,144),(644,'VN270112-1670',378,0,NULL,145),(645,'VN198812-9110',378,0,NULL,145),(646,'VN198812-8750',1890,0,NULL,145),(647,'VN198812-9010',756,0,NULL,145),(648,'VN198812-8880',378,0,NULL,145),(649,'VN198812-8961',756,0,NULL,145),(650,'VN198812-9130',378,0,NULL,145),(651,'VN270112-1510',756,0,NULL,145),(652,'VN150155-0120',800,800,NULL,148),(653,'VN082066-1520',4500,4500,NULL,148),(654,'VN082066-1580',1800,1800,NULL,148),(655,'VN012026-0020',250,250,NULL,148),(656,'VN082066-1470',3200,3200,NULL,148),(657,'VN082066-1490',12000,12000,NULL,148),(658,'VN082066-1531',2100,2100,NULL,148),(659,'VN150111-0381',600,0,NULL,149),(660,'VN082021-0110',504,0,NULL,149),(661,'VN012031-0140',20736,0,20736,150),(662,'VN012031-0040',12000,0,12000,150),(663,'VN012031-0130',11520,0,11520,150),(664,'VN079653-0070',18000,0,18000,155),(665,'VN230539-0060',15000,15000,0,155),(666,'VN079659-0070',10000,0,10000,155),(667,'VN079659-0100',100000,0,100000,155),(668,'VN082021-0110',1008,0,1008,156),(669,'VN150111-0381',600,600,0,156),(670,'VN229739-0060',10000,0,10000,157),(671,'VN082028-0350',2000,2000,0,157),(672,'VN012020-0380',1296,0,1296,157),(673,'VN079634-0120',1500,0,1500,157),(674,'VN197427-0090',900,900,0,158),(675,'VN270133-0010',800,800,0,158),(676,'VN079634-0160',30000,30000,0,159),(677,'VN079610-0930',10368,0,10368,160),(678,'VN079610-1380',13440,0,13440,160),(679,'VN079610-0950',13440,0,13440,160),(680,'VN079610-1120',5184,0,5184,160),(681,'HV012020-0420',3456,0,3456,161),(682,'HV192300-5050',3456,0,3456,161),(683,'HV079640-1180',6720,0,6720,161),(684,'HV192300-7041',4608,0,4608,161),(685,'HV270150-0010',4320,0,4320,161),(686,'HV079640-0830',3840,0,3840,161),(687,'HV079640-0870',7680,0,7680,161),(688,'HV079640-1140',7680,0,7680,161),(689,'HV192300-7031',576,0,576,161),(690,'HV079640-0850',3840,0,3840,161),(691,'HV079640-0910',7680,0,7680,161),(692,'HV192300-4140',576,576,384,161),(693,'HV230440-0020',9720,0,9720,161),(694,'VN270111-1620',576,0,576,162),(695,'VN012025-0340',3840,3840,1920,162),(696,'VN270111-1610',1152,0,1152,162),(697,'VN198812-9060',324,0,324,163),(698,'VN198812-9000',378,0,378,163),(699,'VN198812-9110',378,0,378,163),(700,'VN198812-8961',378,0,378,163),(701,'VN270112-1510',378,378,0,163),(702,'VN198812-8750',1512,0,1512,163),(703,'VN198812-9010',756,0,756,163),(704,'VN198812-9120',378,0,378,163),(705,'VN079617-2300',840,0,840,164),(706,'VN229732-0450',9216,9216,0,164),(707,'VN079617-1990',4480,0,4480,164),(708,'VN079617-2310',840,0,840,164),(709,'VN229781-0080',21600,21600,0,165),(710,'VN082066-1550',2400,2400,0,166),(711,'VN150155-0120',800,800,0,166),(712,'VN012025-0290',3024,0,3024,167),(713,'VN198827-7000',2000,0,2000,167),(714,'VN270133-0010',400,0,400,167),(715,'VN082081-0010',5000,5000,0,167),(716,'VN197427-0090',450,0,450,167),(717,'VN150111-0381',300,300,0,168),(718,'VN082021-0110',504,0,504,168),(719,'VN012075-0040',4000,4000,0,169),(720,'VN082028-0340',4000,0,4000,169),(721,'VN082042-0070',16000,16000,0,169),(722,'VN012020-0390',1120,0,1120,169),(723,'VN197423-4000',600,0,600,169),(724,'VN150111-0381',600,600,0,170),(725,'VN082021-0110',1008,0,1008,170),(726,'VN198811-7450',2430,2430,0,171),(727,'VN197427-0090',450,0,450,172),(728,'VN270133-0010',400,400,0,172),(729,'VN230551-0210',15360,0,15360,173),(730,'VN079651-1890',12870,0,12870,173),(731,'VN082041-0140',57600,0,28800,173),(732,'VN082053-0190',13770,0,13770,173),(733,'VN079651-1900',11520,0,11519,173),(734,'VN082053-0170',10880,0,10880,173),(735,'VN082053-0250',1680,0,1680,173),(736,'VN135051-1150',400,0,400,173),(737,'VN150161-0180',9120,0,9120,173),(738,'VN230551-0200',15360,0,15360,173),(739,'VN079617-1650',10224,0,10223,173),(740,'VN079651-1910',11520,0,11519,173),(741,'VN135051-1010HR',300,0,300,173),(742,'VN135051-1020HR',200,0,200,173),(743,'VN150161-0360',960,960,0,173),(744,'VN230517-0351',16800,0,16799,173),(745,'VN230517-0470',16800,0,16799,173),(746,'VN082031-0080',12000,0,12000,174),(747,'VN082031-0090',9600,0,9600,174),(748,'VN082031-0101',7200,7200,0,174),(749,'VN229740-0680TS',9072,9072,0,175),(750,'VN229740-0620',6048,6048,0,176),(751,'VN012063-0380',3600,0,3600,177),(752,'VN012036-0110',9600,0,9600,177),(753,'VN012063-0350',1750,0,1750,177),(754,'VN012063-0430',4800,0,4800,177),(755,'VN150141-0221',224,0,224,177),(756,'VN150146-0070',224,224,0,177),(757,'VN150113-0210',3360,0,3360,178),(758,'VN079630-0610',960,0,960,178),(759,'VN229717-0760',4480,0,4480,178),(760,'VN079617-2000',2240,0,2240,178),(761,'VN079630-0590',960,0,960,178),(762,'VN229717-0830',6720,6720,0,178),(763,'VN079617-1630',2240,0,2240,178),(764,'VN079617-1990',6720,0,6720,178),(765,'VN079617-2030',1680,0,1680,178),(766,'VN079617-2250',1680,0,1680,178),(767,'VN229717-0820',8960,8960,0,179),(768,'VN079610-0860',2592,2592,0,180),(769,'VN150151-0350',960,0,958,181),(770,'VN198814-7160',1500,0,1500,181),(771,'VN079610-1230',20790,0,20790,181),(772,'VN079651-2440',8960,0,8959,181),(773,'VN082056-0131',8640,0,8640,181),(774,'VN150151-0220',5955,0,5955,181),(775,'VN230517-0431',6480,0,6478,181),(776,'VN082053-0160',9600,0,9600,181),(777,'VN082054-0090',12288,0,12287,181),(778,'VN082056-0120',24000,0,24000,181),(779,'VN230411-0020',27648,0,27648,181),(780,'VN234056-2360',18500,0,18500,181),(781,'VN079651-1880',7200,0,7200,181),(782,'VN079651-2430',20160,0,20159,181),(783,'VN082055-0200',11520,0,11520,181),(784,'VN198814-7100',15000,0,15000,181),(785,'VN198814-7110',1500,1500,0,181),(786,'VN230517-0441',6480,0,6478,181),(787,'VN197427-0090',900,0,900,182),(788,'VN082035-0050',5000,0,5000,182),(789,'VN197427-4010',300,300,0,182),(790,'VN270133-0010',400,0,400,182),(791,'VN012025-0090',3000,3000,0,183),(792,'VN012025-0290',3024,0,3024,183),(793,'VN012020-0240',2520,0,2520,183),(794,'VN197427-0090',450,0,450,183),(795,'VN197427-4010',300,300,0,183),(796,'VN197428-0210',2000,2000,0,183),(797,'VN198827-7000',2000,0,2000,183),(798,'VN270133-0010',400,0,400,183),(799,'VN082066-1520',4500,4500,0,184),(800,'VN082066-1580',1800,1800,0,184),(801,'VN082066-1590',2700,2700,0,184),(802,'VN082066-1600',3600,3600,0,184),(803,'VN082066-1550',2400,2400,0,184),(804,'VN082341-0010',320,0,320,184),(805,'VN150155-0120',400,400,0,184),(806,'VN012026-0020',1750,1750,0,184),(807,'VN012075-0050',3200,0,3200,184),(808,'VN082066-1470',3200,3200,0,184),(809,'VN082066-1490',12000,12000,0,184),(810,'VN082066-1500',2700,2700,0,184),(811,'VN082066-1531',2100,2100,0,184),(812,'VN082066-1540',5400,5400,0,184),(813,'VN150111-0381',600,600,0,185),(814,'VN082021-0110',504,0,504,185),(815,'VN079659-0090',7500,7500,0,186),(816,'VN197423-0112',2160,0,2160,186),(817,'VN012020-0380',1296,0,1296,186),(818,'VN079661-0630',20736,20736,0,187),(819,'VN082046-0270',10800,10800,0,187),(820,'VN082046-0290',10800,10800,0,187),(821,'VN198811-8370',1920,1920,0,187),(822,'VN270172-0200',960,960,0,187),(823,'VN079661-0620',10368,10368,0,187),(824,'VN198811-8000',1280,1280,0,187),(825,'VN198872-7170',1600,1600,0,187),(826,'VN270172-0210',5120,5120,0,187),(827,'VN270176-0010',6000,6000,0,187),(828,'VN150111-0710',1280,1280,0,187),(829,'VN198872-7130',5760,5760,0,187),(830,'VN198872-7140',960,960,0,187),(831,'VN270172-0190',2560,2560,0,187),(832,'VN270177-0010',9600,9600,0,187),(833,'VN949046-3580',2000,2000,0,187),(834,'VN082042-0070',4000,4000,0,188),(835,'VN229739-0060',10000,10000,0,188),(836,'VN012075-0040',4000,4000,0,188),(837,'VN197423-0112',2160,0,2160,188),(838,'VN012020-0380',1296,0,1296,188),(839,'VN079634-0120',1500,1500,0,188),(840,'VN197423-4000',600,600,0,188),(841,'VN150111-0381',600,600,0,189),(842,'VN150111-0381',300,300,0,190),(843,'VN197428-0210',2000,2000,0,191),(844,'VN270133-0010',400,0,400,191),(845,'VN012020-0240',2520,0,2520,191),(846,'VN197427-0090',900,0,900,191),(847,'VN012026-0020',1000,1000,0,192),(848,'VN082341-0010',320,0,320,192),(849,'VN082341-0020',1920,0,1920,192),(850,'VN150155-0120',1600,1600,0,192),(851,'VN270111-1620',1152,1152,0,193),(852,'VN270111-1610',2304,2304,0,193),(853,'VN012025-0340',3840,3840,0,193),(854,'HV012020-0420',3456,0,3456,194),(855,'HV192300-5010',576,576,0,194),(856,'HV192300-5050',3456,0,3456,194),(857,'HV079640-0850',3840,0,3840,194),(858,'HV079640-0910',3840,0,3840,194),(859,'HV192300-4140',576,0,575,194),(860,'HV230440-0020',9720,0,9720,194),(861,'HV079640-1180',6720,0,6720,194),(862,'HV192300-7041',4032,0,4032,194),(863,'HV270150-0010',2880,0,2880,194),(864,'HV079640-0730',3840,0,3840,194),(865,'HV079640-0830',3840,0,3840,194),(866,'HV079640-0870',7680,0,7680,194),(867,'HV079640-1140',3840,0,3840,194),(868,'HV192300-7031',576,0,576,194),(869,'VN079634-0160',30000,30000,0,195),(870,'VN079610-1380',6720,6720,0,196),(871,'VN079610-0930',10368,10368,0,196),(872,'VN079610-0950',13440,13440,0,196),(873,'VN079612-0590',5184,5184,0,196),(874,'VN270112-1670',378,378,0,197),(875,'VN198812-8880',378,378,0,197),(876,'VN198812-8961',378,378,0,197),(877,'VN270112-1510',756,756,0,197),(878,'VN198812-8750',1134,1134,0,197),(879,'VN198812-9010',378,378,0,197),(880,'VN198812-9120',378,378,0,197),(881,'VN012075-0040',2000,2000,0,198),(882,'VN079659-0090',7500,7500,0,198),(883,'VN082042-0070',4000,4000,0,198),(884,'VN012020-0380',1296,1296,0,198),(885,'VN012020-0390',992,992,0,198),(886,'VN079630-0590',960,960,0,199),(887,'VN079630-0610',960,0,960,199),(888,'VN229717-0760',6720,0,6720,199),(889,'VN079617-1630',2240,0,2240,199),(890,'VN079617-1990',6720,0,6720,199),(891,'VN079617-2250',1680,0,1680,199),(892,'VN197427-4000',300,300,0,200),(893,'VN270133-0010',400,0,400,200),(894,'VN150111-0381',300,300,0,201),(895,'VN012075-0040',2000,2000,0,202),(896,'VN082042-0070',4000,4000,0,202),(897,'VN012020-0380',1296,0,1296,202),(898,'VN197423-4000',600,600,0,202),(899,'VN230431-0010',5400,5400,0,203),(900,'VN150111-0381',300,300,0,204),(901,'VN229739-0060',10000,10000,0,205),(902,'VN012020-0380',1296,0,1296,205),(903,'VN012020-0390',704,0,704,205),(904,'VN012075-0040',4000,4000,0,205),(905,'VN082028-0350',2000,2000,0,205),(906,'VN230431-0010',5400,0,5400,205),(907,'VN079659-0090',7500,7500,0,205),(908,'VN082042-0070',8000,8000,0,205),(909,'VN229767-0130',10000,10000,0,205),(910,'VN197427-0090',1800,0,1800,206),(911,'VN012025-0290',3024,0,3024,206),(912,'VN197428-0210',2000,2000,0,206),(913,'VN198827-7000',2000,0,2000,206),(914,'VN270133-0010',1200,0,1200,206),(915,'VN082341-0010',320,0,320,207),(916,'VN150155-0120',800,800,0,207),(917,'VN012026-0020',1000,1000,0,207),(918,'VN082066-1470',3200,3200,0,207),(919,'VN082066-1540',10800,10800,0,207),(920,'VN150111-0381',600,600,0,208),(921,'VN082021-0110',1008,0,1008,208),(922,'MX229872-0761',5184,5184,0,209),(923,'HV012020-0420',3456,0,3456,210),(924,'HV192300-5050',3456,0,3456,210),(925,'HV079640-0850',3840,0,3840,210),(926,'HV079640-0910',7680,0,7680,210),(927,'HV230440-0020',4860,4860,0,210),(928,'HV079640-0830',3840,0,3840,210),(929,'HV079640-0870',7680,0,7680,210),(930,'HV079640-1140',7680,0,7680,210),(931,'HV079640-1180',6720,0,6720,210),(932,'HV079640-1190',6720,0,6720,210),(933,'HV192300-7041',5184,0,5184,210),(934,'HV270150-0010',4320,0,4320,210),(935,'VN082311-0030',360,360,0,211),(936,'VN270111-1610',1728,0,1728,211),(937,'VN012025-0310',1440,0,1440,211),(938,'VN270111-1620',1152,0,1152,211),(939,'VN012025-0340',3840,3840,0,212),(940,'VN079610-1380',13440,0,13440,213),(941,'VN079610-0930',20736,0,20736,213),(942,'VN079610-0950',13440,13440,0,213),(943,'VN079610-1120',5184,0,5184,213),(944,'VN082021-0110',1008,1008,0,214),(945,'VN150111-0381',600,600,0,214),(946,'VN012020-0380',1296,0,1296,215),(947,'VN082042-0070',4000,4000,0,215),(948,'VN197423-0112',2160,2160,0,215),(949,'VN082066-1510',2700,2700,0,216),(950,'VN082066-1531',2100,2100,0,216),(951,'VN082066-1580',1800,1800,0,216),(952,'VN082066-1550',2400,2400,0,216),(953,'VN150155-0120',400,400,0,216),(954,'VN082021-0110',1008,1008,0,217),(955,'VN150111-0381',600,600,0,217),(956,'VN197423-4000',600,0,600,218),(957,'VN079659-0090',7500,0,7500,218),(958,'VN082042-0070',8000,8000,0,218),(959,'VN012075-0040',4000,4000,0,218),(960,'VN082028-0350',2000,2000,0,218),(961,'VN230431-0010',5400,0,5400,218),(962,'VN082021-0110',1008,0,1008,219),(963,'VN150111-0381',600,600,0,219),(964,'VN012020-0240',2520,0,2520,220),(965,'VN197427-0090',1350,0,1350,220),(966,'VN082035-0050',5000,5000,0,220),(967,'VN197427-4000',300,300,0,220),(968,'VN197428-0210',2000,2000,0,220),(969,'VN270133-0010',1200,0,1200,220),(970,'VN270135-0011',3000,0,3000,220),(971,'VN270111-1610',576,576,0,221),(972,'VN229740-0540',3024,3024,0,222),(973,'VN082330-0010',320,0,320,222),(974,'VN229740-0680TS',9072,0,9072,222),(975,'VN229740-0620',6048,6048,0,223),(976,'VN012063-0380',3600,0,3600,224),(977,'VN150146-0020',3584,0,3584,224),(978,'VN012063-0430',4800,0,4800,224),(979,'VN150141-0221',224,0,224,224),(980,'VN150146-0070',224,224,0,224),(981,'VN012036-0110',9600,0,9600,224),(982,'VN012063-0350',2000,0,2000,224),(983,'VN150141-0100',3584,0,3584,224),(984,'VN079617-2000',4480,0,4480,225),(985,'VN079630-0590',960,0,960,225),(986,'VN079617-1630',4480,0,4480,225),(987,'VN079617-1990',4480,0,4480,225),(988,'VN079617-2300',840,0,840,225),(989,'VN079630-0610',960,960,0,225),(990,'VN229717-0760',2240,0,2240,225),(991,'VN198876-7020',31500,0,31500,226),(992,'VN270180-0020',24400,0,24400,226),(993,'VN198876-7110',28500,28500,0,226),(994,'VN270131-0020',26500,0,26500,226),(995,'VN082066-1580',1800,1800,0,227),(996,'VN082066-1590',2700,2700,0,227),(997,'VN082341-0010',320,0,320,227),(998,'VN150155-0120',400,400,0,227),(999,'VN012026-0020',1750,1750,0,227),(1000,'VN012075-0050',2400,0,2400,227),(1001,'VN082066-1470',3200,3200,0,227),(1002,'VN082066-1531',2100,2100,0,227),(1003,'VN082021-0110',504,0,504,228),(1004,'VN150111-0381',300,300,0,228),(1005,'VN150111-0381',600,600,0,229),(1006,'VN082028-0340',4000,4000,0,230),(1007,'VN079659-0090',7500,7500,0,230),(1008,'VN082042-0070',4000,4000,0,230),(1009,'VN229767-0130',10000,10000,0,230),(1010,'VN197427-0090',900,900,0,231),(1011,'VN197427-4000',300,300,0,231),(1012,'VN198827-7000',2000,0,2000,231),(1013,'VN082341-0010',320,0,320,232),(1014,'VN150155-0120',1200,1200,0,232),(1015,'VN012026-0020',750,750,0,232),(1016,'VN012026-0050',750,750,0,232),(1017,'VN012075-0050',800,800,0,232),(1018,'VN082066-1470',3200,3200,0,232),(1019,'VN012020-0400',918,918,0,233),(1020,'VN082042-0070',4000,4000,0,233),(1021,'VN012020-0390',160,160,0,233),(1022,'VN079634-0120',1500,1500,0,233),(1023,'VN012075-0040',4000,4000,0,233),(1024,'VN197423-0112',2160,2160,0,233),(1025,'VN150111-0381',300,300,0,234),(1026,'VN082021-0110',504,504,0,234),(1027,'VN150111-0381',600,600,0,235),(1028,'VN082021-0110',1008,0,1008,235),(1029,'VN229739-0060',20000,0,20000,236),(1030,'VN230431-0010',5400,0,5400,236),(1031,'VN012020-0380',1296,0,1296,236),(1032,'VN012020-0390',576,0,576,236),(1033,'VN079659-0090',7500,0,7500,236),(1034,'VN082042-0070',8000,8000,0,236),(1035,'VN150163-0010',5000,0,5000,236),(1036,'VN229767-0130',10000,0,10000,236),(1037,'HV012020-0420',5376,5376,0,237),(1038,'HV192300-5050',3456,0,3456,237),(1039,'HV079640-1190',6720,0,6720,237),(1040,'HV192300-7041',4608,4608,0,237),(1041,'HV270150-0010',4320,4320,0,237),(1042,'HV079640-0850',3840,3840,0,237),(1043,'HV079640-0910',7680,7680,0,237),(1044,'HV192300-4140',576,0,576,237),(1045,'HV230440-0020',4860,4860,0,237),(1046,'HV079640-0730',3840,0,3840,237),(1047,'HV079640-0830',3840,0,3840,237),(1048,'HV079640-0870',7680,0,7680,237),(1049,'HV079640-1140',3840,3840,0,237),(1050,'VN270111-1610',576,0,576,238),(1051,'VN082311-0030',360,0,360,238),(1052,'VN012025-0310',1440,0,1440,238),(1053,'VN270111-1620',576,0,576,238),(1054,'VN012025-0340',3840,3840,0,238),(1055,'VN012064-0150',2688,0,2688,238),(1056,'VN198812-9000',756,756,0,239),(1057,'VN198812-9110',378,378,0,239),(1058,'VN270112-1570',378,378,0,239),(1059,'VN270112-1670',378,378,0,239),(1060,'VN198812-8880',756,756,0,239),(1061,'VN198812-8961',756,756,0,239),(1062,'VN198812-9130',378,378,0,239),(1063,'VN270112-1510',756,756,0,239),(1064,'VN198812-8750',1512,0,1512,239),(1065,'VN198812-9010',1134,1134,0,239),(1066,'VN198812-9120',378,378,0,239),(1067,'VN079634-0160',60000,60000,0,240),(1068,'VN079610-0930',20736,0,20736,241),(1069,'VN079610-0950',26880,0,26880,241),(1070,'VN079610-1380',13440,13440,0,241),(1074,'VN198811-7450',2430,2430,0,244),(1075,'VN197427-0090',450,0,450,245),(1076,'VN270133-0010',800,800,0,245),(1077,'VN012020-0290',1650,0,1650,246),(1078,'VN012025-0101',1600,1600,0,246),(1079,'VN198827-7000',2000,2000,0,247),(1080,'VN197427-0090',900,0,900,247),(1081,'VN012020-0390',832,832,0,248),(1082,'VN079659-0090',7500,0,7500,248),(1083,'VN082042-0070',4000,4000,0,248),(1084,'VN082028-0350',2000,2000,0,248),(1085,'VN197423-0112',2160,0,2160,248),(1086,'VN082021-0110',504,504,0,249),(1087,'VN012031-0140',27648,27648,0,250),(1088,'VN012031-0040',6000,6000,0,250),(1089,'VN012031-0130',6912,6912,0,250),(1090,'VN139740-0280',440,440,0,251),(1091,'VN012036-0070',25200,25200,0,251),(1092,'VN012036-0080',16800,16800,0,251),(1093,'VN230421-0030',40000,40000,0,252),(1094,'VN135013-2600MN',144,144,0,253),(1095,'VN135062-1980MN',500,500,0,253),(1096,'VN082243-0040',45000,45000,0,253),(1097,'VN135013-2790',288,288,0,253),(1098,'VN135051-1060',360,360,0,253),(1099,'VN135062-2040MN',238,238,0,253),(1100,'VNM600003',2000,2000,0,254),(1101,'VNM210002',6000,6000,0,254),(1102,'VNM600002',600,600,0,254),(1103,'VN150151-0350',720,720,0,255),(1104,'VN079610-1230',18900,18900,0,255),(1105,'VN079651-2440',17920,17920,0,255),(1106,'VN082056-0131',12960,12960,0,255),(1107,'VN150151-0220',10080,10080,0,255),(1108,'VN230517-0431',6480,6480,0,255),(1109,'VN082053-0160',12000,12000,0,255),(1110,'VN082054-0090',12288,12288,0,255),(1111,'VN082056-0120',24000,24000,0,255),(1112,'VN230411-0020',13824,13824,0,255),(1113,'VN234056-2360',18500,18500,0,255),(1114,'VN079651-1880',14400,14400,0,255),(1115,'VN079651-2430',8960,8960,0,255),(1116,'VN082055-0200',11520,11520,0,255),(1117,'VN198814-7100',21000,21000,0,255),(1118,'VN198814-7110',15000,15000,0,255),(1119,'VN230517-0441',6480,6480,0,255),(1120,'VN150151-0150',1255,1255,0,256),(1121,'VN082031-0080',6000,0,6000,257),(1122,'VN082031-0090',9600,0,9600,257),(1123,'VN082031-0101',7200,7200,0,257),(1124,'VN082070-0131',40500,40500,0,258);
/*!40000 ALTER TABLE `actualdetailtlip` ENABLE KEYS */;
UNLOCK TABLES;

--
-- Table structure for table `actualreceivedtlip`
--

DROP TABLE IF EXISTS `actualreceivedtlip`;
/*!40101 SET @saved_cs_client     = @@character_set_client */;
/*!50503 SET character_set_client = utf8mb4 */;
CREATE TABLE `actualreceivedtlip` (
  `ActualReceivedID` int NOT NULL AUTO_INCREMENT,
  `ActualDeliveryTime` datetime NOT NULL,
  `ActualLeadTime` time DEFAULT NULL,
  `SupplierCode` varchar(100) CHARACTER SET utf8mb3 COLLATE utf8mb3_general_ci NOT NULL,
  `AsnNumber` varchar(100) CHARACTER SET utf8mb3 COLLATE utf8mb3_general_ci DEFAULT NULL,
  `DoNumber` varchar(100) DEFAULT NULL,
  `Invoice` varchar(100) DEFAULT NULL,
  `IsCompleted` tinyint(1) NOT NULL,
  `TagName` varchar(100) DEFAULT NULL,
  PRIMARY KEY (`ActualReceivedID`),
  KEY `SupplierCode` (`SupplierCode`),
  CONSTRAINT `actualreceivedtlip_ibfk_1` FOREIGN KEY (`SupplierCode`) REFERENCES `supplier` (`SupplierCode`)
) ENGINE=InnoDB AUTO_INCREMENT=259 DEFAULT CHARSET=utf8mb4 COLLATE=utf8mb4_0900_ai_ci;
/*!40101 SET character_set_client = @saved_cs_client */;

--
-- Dumping data for table `actualreceivedtlip`
--

LOCK TABLES `actualreceivedtlip` WRITE;
/*!40000 ALTER TABLE `actualreceivedtlip` DISABLE KEYS */;
INSERT INTO `actualreceivedtlip` VALUES (1,'2024-11-04 15:39:00','00:06:37','A02','M4Y04K1M02A02','41104088','',1,NULL),(2,'2024-11-04 15:40:00','00:00:45','A01','A4Y04K1M03A01','41104087','',1,NULL),(3,'2024-11-04 15:40:00','00:04:04','A01','O4Y04K1M04A01','41104087','',1,NULL),(4,'2024-11-04 15:40:00','00:03:07','A01','O4Y04K1M05A01','41104090','',1,NULL),(5,'2024-11-04 15:40:00','00:00:30','A03','O4Y01K1M07A03','41104050','',1,NULL),(6,'2024-11-04 18:31:00','00:40:22','E25','M4Y02K1M02E25','41104045','',1,NULL),(7,'2024-11-04 18:33:00','00:40:34','A12','M4Y04K1M01A12','41104018','',1,NULL),(8,'2024-11-04 18:33:00','00:38:54','A12','S4Y04K1M01A12','41104018','',1,NULL),(9,'2024-11-04 18:33:00','00:44:14','A06','M4Y04K1M01A06','41104015','',1,NULL),(10,'2024-11-04 19:20:00','00:02:21','A03','O4Y01K1M01A03','41104058','',1,NULL),(11,'2024-11-04 19:21:00','00:02:24','A02','N4Y04K1M02A02','41104089','',1,NULL),(12,'2024-11-04 20:23:00','00:02:45','E23','M4Y04K1M01E23','41104031','',1,NULL),(13,'2024-11-04 22:57:00','00:04:50','A02','M4Y04K1M03A02','41104095','',1,NULL),(14,'2024-11-04 23:09:00','00:01:03','A03','O4Y01K1M02A03','41104053','',1,NULL),(15,'2024-11-05 05:03:00','00:02:47','A02','M4Y05K1M01A02','41105060','',1,NULL),(16,'2024-11-05 05:04:00','00:01:00','A03','O4Y04K1M02A03','41105031','',1,NULL),(17,'2024-11-05 08:20:00','02:43:09','A01','O4Y05K1M01A01','41105059','',1,NULL),(18,'2024-11-05 08:20:00','00:00:49','A03','O4Y04K1M03A03','41105033','',1,NULL),(19,'2024-11-05 08:20:00','02:42:58','A02','N4Y05K1M01A02','41105062','',1,NULL),(20,'2024-11-05 09:21:00','01:36:02','I05','','','24100524',1,NULL),(21,'2024-11-05 11:02:00','00:22:36','A01','O4Y05K1M02A01','41105061','',1,NULL),(22,'2024-11-05 11:02:00','00:23:02','A02','M4Y05K1M02A02','41105064','',1,NULL),(23,'2024-11-05 11:02:00','00:00:42','A03','O4Y04K1M04A03','41105036','',1,NULL),(24,'2024-11-05 11:26:00','00:30:32','D04','','41105014','',1,NULL),(25,'2024-11-05 11:56:00','00:34:23','E12','S4Y04K1M01E12','41105018','',1,NULL),(26,'2024-11-05 11:57:00','00:34:39','E09','M4Y01K1M01E09','41105017','',1,NULL),(27,'2024-11-05 11:57:00','00:40:40','E25','M4Y04K1M04E25','41105029','',1,NULL),(28,'2024-11-05 11:58:00','00:36:33','E22','M4Y05K1M01E22','41105020','',1,NULL),(29,'2024-11-05 12:38:00','00:02:21','E15','S4Y05K1M01E15','41105037','',1,NULL),(30,'2024-11-05 12:38:00','00:01:05','E19','M4Y04K1M04E19','41105032','',1,NULL),(31,'2024-11-05 14:18:00','00:01:21','A01','O4Y05K1M03A01','41105063','',1,NULL),(32,'2024-11-05 14:18:00','00:00:43','A01','A4Y05K1M02A01','41105069','',1,NULL),(33,'2024-11-05 14:18:00','00:02:48','A01','O4Y05K1M05A01','41105069','',1,NULL),(34,'2024-11-05 14:18:00','00:00:22','A03','O4Y04K1M05A03','41105038','',1,NULL),(35,'2024-11-05 14:28:00','00:08:58','E14','M4Y01K1M01E14','41105002','',1,NULL),(36,'2024-11-05 14:28:00','00:09:36','E27','S4Y01K1M01E27','41105004','',1,NULL),(37,'2024-11-05 14:31:00','02:16:17','E30','M4X22K1M01E30','41105005','',1,NULL),(38,'2024-11-05 14:31:00','00:05:07','E26','M4X31K1M01E26','41105003','',1,NULL),(39,'2024-11-05 15:41:00','00:47:50','E02','M4Y01K1M01E02','41105015','',1,NULL),(40,'2024-11-05 15:41:00','00:50:21','E02','S4Y01K1M01E02','41105015','',1,NULL),(41,'2024-11-05 16:23:00','00:07:31','A01','O4Y05K1M07A01','41105078','',1,NULL),(42,'2024-11-05 16:23:00','00:15:31','A01','A4Y05K1M04A01','41105078','',1,NULL),(43,'2024-11-05 16:23:00','00:05:22','A01','O4Y05K1M06A01','41105075','',1,NULL),(44,'2024-11-05 16:24:00','00:15:15','A01','A4Y05K1M03A01','41105074','',1,NULL),(45,'2024-11-05 16:24:00','00:07:49','A03','O4Y04K1M06A03','41105040','',1,NULL),(46,'2024-11-05 16:25:00','00:04:41','A02','M4Y05K1M03A02','41105070','',1,NULL),(47,'2024-11-05 16:49:00','00:05:37','A06','M4Y05K1M01A06','41105039','',1,NULL),(48,'2024-11-05 16:50:00','00:02:28','A12','M4Y05K1M01A12','41105010','',1,NULL),(49,'2024-11-05 16:50:00','00:01:26','A12','S4Y05K1M01A12','41105010','',1,NULL),(50,'2024-11-05 18:31:00','00:01:37','E25','M4Y04K1M02E25','41105021','',1,NULL),(51,'2024-11-05 18:33:00','00:14:49','E15','S4Y05K1M02E15','41105030','',1,NULL),(52,'2024-11-05 18:33:00','02:37:38','E31','M4Y01K1M01E31','41105022','',1,NULL),(53,'2024-11-05 19:31:00','00:01:00','E13','S4Y01K1M01E13','41105001','',1,NULL),(54,'2024-11-05 20:44:00','00:16:29','E04','M4Y01K1M01E04','41105016','',1,NULL),(55,'2024-11-05 20:44:00','00:10:32','E04','M4Y01K1M02E04','41105016','',1,NULL),(56,'2024-11-05 21:12:00','00:01:03','A03','O4Y04K1M07A03','41105041','',1,NULL),(57,'2024-11-05 21:12:00','00:26:40','A02','N4Y05K1M03A02','41105076','',1,NULL),(58,'2024-11-05 22:53:00','00:02:19','A03','O4Y04K1M08A03','41105043','',1,NULL),(59,'2024-11-05 22:54:00','00:02:41','A02','M4Y05K1M04A02','41105079','',1,NULL),(60,'2024-11-06 00:00:00',NULL,'G66/G68','','','240487',1,NULL),(61,'2024-11-06 00:28:00','00:02:10','A03','O4Y04K1M17A03','41106008','',1,NULL),(62,'2024-11-06 00:29:00','00:12:56','A02','N4Y05K1M04A02','41106054','',1,NULL),(63,'2024-11-06 04:33:00','00:03:38','A02','M4Y06K1M01A02','41106056','',1,NULL),(64,'2024-11-06 04:34:00','00:00:23','A03','O4Y04K1M09A03','41106030','',1,NULL),(65,'2024-11-06 11:00:00','00:02:26','A03','O4Y04K1M11A03','41106034','',1,NULL),(66,'2024-11-06 11:01:00','00:02:36','A02','M4Y06K1M02A02','41106060','',1,NULL),(67,'2024-11-06 11:09:00','11:51:09','D04','','41106013','',1,NULL),(68,'2024-11-06 11:25:00','00:01:09','E12','S4Y05K1M01E12','41106031','',1,NULL),(69,'2024-11-06 11:48:00','00:03:32','E22','M4Y05K1M02E22','41106018','',1,NULL),(70,'2024-11-06 13:05:00','00:02:39','E15','S4Y06K1M01E15','41106044','',1,NULL),(71,'2024-11-06 13:05:00','00:01:04','E19','M4Y04K1M02E19','41106032','',1,NULL),(72,'2024-11-06 13:08:00','00:00:34','E10','M4Y05K1M01E10','41106015','',1,NULL),(73,'2024-11-06 13:17:00','00:01:22','A03','O4Y04K1M12A03','41106036','',1,NULL),(74,'2024-11-06 13:17:00','00:03:12','A02','N4Y06K1M02A02','41106062','',1,NULL),(75,'2024-11-06 15:10:00','01:25:14','A02','M4Y06K1M03A02','41106066','',1,NULL),(76,'2024-11-06 15:10:00','00:03:35','A01','A4Y06K1M01A01','41106065','',1,NULL),(77,'2024-11-06 15:10:00','00:03:52','A01','O4Y06K1M04A01','41106063','',1,NULL),(78,'2024-11-06 15:11:00','00:01:08','A03','O4Y04K1M13A03','41106039','',1,NULL),(79,'2024-11-06 16:21:00','00:13:46','A06','M4Y06K1M01A06','41106037','',1,NULL),(80,'2024-11-06 16:21:00','00:11:56','A12','M4Y06K1M01A12','41106010','',1,NULL),(81,'2024-11-06 16:21:00','00:01:37','A12','S4Y06K1M01A12','41106010','',1,NULL),(82,'2024-11-06 18:43:00','00:01:00','E25','M4Y05K1M02E25','41106020','',1,NULL),(83,'2024-11-06 18:48:00','00:03:49','E15','S4Y06K1M02E15','41106028','',1,NULL),(84,'2024-11-06 18:56:00','00:19:40','E06','M4Y04K1M01E06','41106014','',1,NULL),(85,'2024-11-06 19:00:00','00:08:41','E23','M4Y06K1M01E23','41106019','',1,NULL),(86,'2024-11-06 19:00:00','00:07:55','E23','M4Y06K1M02E23','41106027','',1,NULL),(87,'2024-11-06 19:18:00','00:01:29','A03','O4Y04K1M14A03','41106040','',1,NULL),(88,'2024-11-06 19:18:00','00:01:24','A02','N4Y06K1M03A02','41106069','',1,NULL),(89,'2024-11-06 22:21:00','00:21:18','A03','O4Y04K1M15A03','41106042','',1,NULL),(90,'2024-11-06 22:23:00','00:28:06','A02','M4Y06K1M04A02','41106075','',1,NULL),(91,'2024-11-06 22:24:00','00:22:01','A01','O4Y06K1M06A01','41106074','',1,NULL),(92,'2024-11-07 04:32:00','00:02:31','A02','M4Y07K1M01A02','41107050','',1,NULL),(93,'2024-11-07 04:32:00','00:00:48','A03','O4Y04K1M19A03','41107023','',1,NULL),(94,'2024-11-07 06:52:00','00:04:52','D02','','','DMVN241023-SL1W',1,NULL),(95,'2024-11-07 08:12:00','00:05:30','A03','O4Y04K1M20A03','41107027','',1,NULL),(96,'2024-11-07 08:13:00','00:05:30','A02','N4Y07K1M01A02','41107050','',1,NULL),(97,'2024-11-07 08:17:00','00:01:52','A01','O4Y07K1M01A01','41107049','',1,NULL),(98,'2024-11-07 09:28:00','01:33:50','I05','','','24100494',1,NULL),(99,'2024-11-07 11:07:00','00:06:05','A01','O4Y07K1M02A01','41107051','',1,NULL),(100,'2024-11-07 11:08:00','00:04:18','A01','A4Y07K1M01A01','41107051','',1,NULL),(101,'2024-11-07 11:09:00','00:04:05','A01','O4Y07K1M03A01','41107053','',1,NULL),(102,'2024-11-07 11:09:00','00:03:07','A02','M4Y07K1M02A02','41107054','',1,NULL),(103,'2024-11-07 11:09:00','00:01:38','A03','O4Y04K1M21A03','41107028','',1,NULL),(104,'2024-11-07 11:18:00','00:03:20','E12','N4Y06K1M01E12','41107024','',1,NULL),(105,'2024-11-07 11:20:00','00:02:19','E12','S4Y06K1M01E12','41107024','',1,NULL),(106,'2024-11-07 11:29:00','01:52:43','D04','','41107007','',1,NULL),(107,'2024-11-07 11:47:00','00:13:49','E25','M4Y06K1M01E25','41107013','',1,NULL),(108,'2024-11-07 12:05:00','00:04:25','E16','M4Y05K1M01E16','41107010','',1,NULL),(109,'2024-11-07 12:45:00','00:11:33','E22','M4Y06K1M01E22','41107012','',1,NULL),(110,'2024-11-07 12:45:00','00:13:21','E19','M4Y04K1M03E19','41107025','',1,NULL),(111,'2024-11-07 12:46:00','00:15:13','E15','S4Y07K1M01E15','41107029','',1,NULL),(112,'2024-11-07 15:37:00','00:05:43','A01','O4Y07K1M04A01','41107055','',1,NULL),(113,'2024-11-07 15:37:00','00:02:33','A01','A4Y07K1M02A01','41107059','',1,NULL),(114,'2024-11-07 15:37:00','00:05:31','A01','O4Y07K1M05A01','41107059','',1,NULL),(115,'2024-11-07 15:38:00','00:03:38','A01','O4Y07K1M06A01','41107061','',1,NULL),(116,'2024-11-07 15:38:00','00:01:15','A03','O4Y05K1M01A03','41107033','',1,NULL),(117,'2024-11-07 15:39:00','00:04:32','A02','M4Y07K1M03A02','41107060','',1,NULL),(118,'2024-11-07 16:34:00','00:02:23','A06','M4Y07K1M01A06','41107031','',1,NULL),(119,'2024-11-07 16:34:00','00:01:09','A12','M4Y07K1M01A12','41107005','',1,NULL),(120,'2024-11-07 16:34:00','00:01:27','A12','S4Y07K1M01A12','41107005','',1,NULL),(121,'2024-11-07 18:36:00','00:02:43','E15','S4Y07K1M02E15','41107021','',1,NULL),(122,'2024-11-07 18:36:00','00:34:44','E25','M4Y06K1M02E25','41107013','',1,NULL),(123,'2024-11-07 19:05:00','00:09:09','E21','S4Y05K1M01E21','41107011','',1,NULL),(124,'2024-11-07 19:07:00','00:04:14','A03','O4Y05K1M02A03','41107034','',1,NULL),(125,'2024-11-07 19:07:00','00:09:47','A02','N4Y07K1M03A02','41107060','',1,NULL),(126,'2024-11-07 22:42:00','00:03:11','A02','M4Y07K1M04A02','41107062','',1,NULL),(127,'2024-11-07 22:43:00','00:00:35','A03','O4Y05K1M03A03','41107035','',1,NULL),(128,'2024-11-08 00:00:00',NULL,'D08','','','411514',1,NULL),(129,'2024-11-08 04:28:00','00:02:18','A03','O4Y05K1M05A03','41108038','',1,NULL),(130,'2024-11-08 04:29:00','00:12:46','A02','M4Y08K1M01A02','41108072','',1,NULL),(131,'2024-11-08 06:43:00','00:46:43','G05','M4X18K1M01G05','41108003','',1,NULL),(132,'2024-11-08 07:10:00','00:05:31','A03','O4Y06K1M06A03','41108050','',1,NULL),(133,'2024-11-08 07:11:00','00:03:59','A02','N4Y08K1M01A02','41108072','',1,NULL),(134,'2024-11-08 07:11:00','00:02:13','A01','O4Y08K1M01A01','41108071','',1,NULL),(137,'2024-11-08 11:09:00','00:03:17','A01','O4Y08K1M03A01','41108075','',1,NULL),(138,'2024-11-08 11:10:00','00:02:42','A01','O4Y08K1M02A01','41108073','',1,NULL),(139,'2024-11-08 11:10:00','00:04:09','A02','M4Y08K1M02A02','41108076','',1,NULL),(140,'2024-11-08 11:11:00','00:00:58','A03','O4Y05K1M06A03','41108041','',1,NULL),(141,'2024-11-08 11:18:00','01:56:11','D04','','41108016','',1,NULL),(142,'2024-11-08 11:30:00','00:00:55','E12','N4Y07K1M01E12','41108039','',1,NULL),(143,'2024-11-08 11:30:00','00:01:44','E12','S4Y07K1M01E12','41108039','',1,NULL),(144,'2024-11-08 11:50:00','01:13:49','E25','M4Y07K1M01E25','41108048','',1,NULL),(145,'2024-11-08 11:58:00','01:16:11','E22','M4Y07K1M01E22','41108021','',1,NULL),(146,'2024-11-08 13:11:00','00:00:33','E19','M4Y07K1M01E19','41108040','',1,NULL),(147,'2024-11-08 13:13:00','00:01:11','E15','S4Y08K1M01E15','41108037','',1,NULL),(148,'2024-11-08 14:12:00','00:01:46','A02','N4Y08K1M02A02','41108076','',1,NULL),(149,'2024-11-08 14:13:00','00:00:22','A03','O4Y05K1M07A03','41108043','',1,NULL),(150,'2024-11-08 14:58:00','02:02:01','E26','M4Y05K1M01E26','41108009','',1,NULL),(151,'2024-11-12 08:21:00','00:10:29','E26','M4Y08K1M01E26','41112003','',1,NULL),(152,'2024-11-12 08:21:00','00:02:23','A03','O4Y08K1M04A03','41112032','',1,NULL),(153,'2024-11-12 08:21:00','00:02:56','A02','N4Y12K1M01A02','41112060','',1,NULL),(154,'2024-11-12 08:22:00','00:03:05','A01','O4Y12K1M01A01','41112059','',1,NULL),(155,'2024-11-12 10:51:00','00:01:29','E09','M4Y09K1M01E09','41112016','',1,NULL),(156,'2024-11-12 10:54:00','00:02:28','A03','O4Y08K1M05A03','41112035','',1,NULL),(157,'2024-11-12 10:55:00','00:06:21','A02','M4Y12K1M02A02','41112063','',1,NULL),(158,'2024-11-12 10:55:00','00:06:37','A01','O4Y12K1M02A01','41112062','',1,NULL),(159,'2024-11-12 11:01:00','00:01:03','E12','N4Y11K1M01E12','41112030','',1,NULL),(160,'2024-11-12 11:01:00','00:02:47','E12','S4Y11K1M01E12','41112030','',1,NULL),(161,'2024-11-12 11:15:00','11:57:43','D04','','41112013','',1,NULL),(162,'2024-11-12 11:15:00','00:03:15','E25','M4Y11K1M01E25','41112033','',1,NULL),(163,'2024-11-12 11:26:00','01:09:14','E22','M4Y11K1M01E22','41112019','',1,NULL),(164,'2024-11-12 12:56:00','00:02:19','E15','S4Y12K1M01E15','41112036','',1,NULL),(165,'2024-11-12 12:57:00','00:00:12','E19','M4Y07K1M03E19','41112031','',1,NULL),(166,'2024-11-12 13:23:00','00:05:16','A02','N4Y12K1M02A02','41112067','',1,NULL),(167,'2024-11-12 13:24:00','00:04:11','A01','O4Y12K1M03A01','41112064','',1,NULL),(168,'2024-11-12 13:24:00','00:02:12','A03','O4Y08K1M06A03','41112037','',1,NULL),(169,'2024-11-12 15:38:00','00:12:57','A02','M4Y12K1M03A02','41112067','',1,NULL),(170,'2024-11-12 15:38:00','00:07:22','A03','O4Y08K1M07A03','41112040','',1,NULL),(171,'2024-11-12 15:39:00','00:08:52','A01','A4Y12K1M01A01','41112066','',1,NULL),(172,'2024-11-12 15:39:00','00:09:25','A01','O4Y12K1M04A01','41112066','',1,NULL),(173,'2024-11-12 16:16:00','00:33:14','E04','M4Y08K1M01E04','41112015','',1,NULL),(174,'2024-11-12 16:52:00','00:01:11','E14','M4Y07K1M01E14','41112002','',1,NULL),(175,'2024-11-12 17:09:00','02:02:13','A12','M4Y12K1M01A12','41112009','',1,NULL),(176,'2024-11-12 17:09:00','02:02:35','A12','S4Y12K1M01A12','41112009','',1,NULL),(177,'2024-11-12 17:10:00','02:04:58','A06','M4Y12K1M01A06','41112038','',1,NULL),(178,'2024-11-12 17:11:00','01:53:53','E15','S4Y12K1M02E15','41112027','',1,NULL),(179,'2024-11-12 18:33:00','00:01:06','E04','M4Y08K1M02E04','41112015','',1,NULL),(180,'2024-11-12 19:23:00','00:01:39','E13','S4Y08K1M01E13','41112001','',1,NULL),(181,'2024-11-12 19:24:00','02:10:39','E02','M4Y08K1M01E02','41112014','',1,NULL),(182,'2024-11-12 19:46:00','00:06:08','A01','O4Y12K1M05A01','41112068','',1,NULL),(183,'2024-11-12 19:46:00','00:46:56','A01','O4Y12K1M06A01','41112072','',1,NULL),(184,'2024-11-12 19:47:00','00:02:49','A02','N4Y12K1M03A02','41112069','',1,NULL),(185,'2024-11-12 22:42:00','00:02:37','A03','O4Y08K1M08A03','41112041','',1,NULL),(186,'2024-11-12 22:43:00','00:02:48','A02','M4Y12K1M04A02','41112073','',1,NULL),(187,'2024-11-13 00:34:00',NULL,'G66/G68','','','240496',1,NULL),(188,'2024-11-13 04:41:00','00:02:22','A02','M4Y12K1M06A02','41113054','',1,NULL),(189,'2024-11-13 04:41:00','00:01:20','A03','O4Y11K1M04A03','41113025','',1,NULL),(190,'2024-11-13 07:21:00','00:21:22','A03','O4Y11K1M05A03','41113028','',1,NULL),(191,'2024-11-13 07:21:00','00:31:30','A01','O4Y13K1M01A01','41113055','',1,NULL),(192,'2024-11-13 07:22:00','00:29:33','A02','N4Y13K1M01A02','41113056','',1,NULL),(193,'2024-11-13 11:26:00','00:09:56','E25','M4Y13K1M01E25','41113023','',1,NULL),(194,'2024-11-13 11:27:00','11:22:49','D04','','41113012','',1,NULL),(195,'2024-11-13 11:29:00','01:12:53','E12','N4Y12K1M01E12','41113026','',1,NULL),(196,'2024-11-13 11:29:00','00:06:56','E12','S4Y12K1M01E12','41113026','',1,NULL),(197,'2024-11-13 12:36:00','00:14:01','E22','M4Y12K1M01E22','41113016','',1,NULL),(198,'2024-11-13 12:43:00','00:07:01','A02','M4Y13K1M01A02','41113060','',1,NULL),(199,'2024-11-13 17:04:00','02:36:10','E15','S4Y13K1M02E15','41113024','',1,NULL),(200,'2024-11-13 18:53:00','00:22:14','A01','O4Y13K1M05A01','41113069','',1,NULL),(201,'2024-11-13 18:57:00','00:16:07','A03','O4Y11K1M08A03','41113037','',1,NULL),(202,'2024-11-13 22:27:00','00:02:08','A02','M4Y13K1M03A02','41113070','',1,NULL),(203,'2024-11-13 22:27:00','00:02:30','A02','M4Y13K1M04A02','41113071','',1,NULL),(204,'2024-11-14 04:35:00','00:19:33','A03','O4Y12K1M02A03','41114021','',1,NULL),(205,'2024-11-14 04:36:00','00:19:41','A02','M4Y13K1M06A02','41114057','',1,NULL),(206,'2024-11-14 07:16:00','00:29:45','A01','O4Y14K1M01A01','41114061','',1,NULL),(207,'2024-11-14 07:17:00','00:31:36','A02','N4Y14K1M01A02','41114057','',1,NULL),(208,'2024-11-14 07:17:00','00:13:47','A03','O4Y12K1M03A03','41114024','',1,NULL),(209,'2024-11-14 11:25:03','00:00:00','D13','','','573966',1,NULL),(210,'2024-11-14 12:35:03','10:27:26','D04','','41114007','',1,NULL),(211,'2024-11-14 11:43:48','00:00:00','E25','M4Y13K1M03E25','41114031','',1,NULL),(212,'2024-11-14 11:48:03','00:00:00','E25','M4Y13K1M04E25','41114025','',1,NULL),(213,'2024-11-14 12:35:03','00:00:00','E12','S4Y13K1M01E12','41114022','',1,NULL),(214,'2024-11-14 12:35:03','00:00:00','A03','O4Y12K1M04A03','41114026','',1,NULL),(215,'2024-11-14 12:35:04','00:00:00','A02','M4Y14K1M01A02','41114062','',1,NULL),(216,'2024-11-14 14:20:00','00:31:53','A02','N4Y14K1M02A02','41114064','',1,NULL),(217,'2024-11-14 14:20:00','00:31:53','A03','O4Y12K1M05A03','41114029','',1,NULL),(218,'2024-11-14 15:42:00','01:17:48','A02','M4Y14K1M02A02','41114064','',1,NULL),(219,'2024-11-14 15:42:00','00:09:49','A03','O4Y12K1M06A03','41114032','',1,NULL),(220,'2024-11-14 15:43:00','00:12:00','A01','O4Y14K1M02A01','41114066','',1,NULL),(221,'2024-11-14 16:32:00','00:28:06','E25','M4Y14K1M01E25','41114065','',1,NULL),(222,'2024-11-14 16:51:00','00:12:56','A12','M4Y14K1M02A12','41114005','',1,NULL),(223,'2024-11-14 16:51:00','00:13:13','A12','S4Y14K1M02A12','41114005','',1,NULL),(224,'2024-11-14 16:52:00','00:11:12','A06','M4Y14K1M02A06','41114030','',1,NULL),(225,'2024-11-14 17:17:00','01:44:53','E15','S4Y14K1M02E15','41114028','',1,NULL),(226,'2024-11-14 17:18:00','02:30:50','E21','S4Y12K1M01E21','41114010','',1,NULL),(227,'2024-11-14 18:42:00','01:17:57','A02','N4Y14K1M03A02','41114067','',1,NULL),(228,'2024-11-14 18:43:00','01:06:40','A03','O4Y12K1M07A03','41114033','',1,NULL),(229,'2024-11-14 22:42:00','00:05:31','A03','O4Y12K1M08A03','41114035','',1,NULL),(230,'2024-11-14 22:44:00','00:06:23','A02','M4Y14K1M03A02','41114069','',1,NULL),(231,'2024-11-14 22:44:00','00:05:45','A01','O4Y14K1M03A01','41114068','',1,NULL),(232,'2024-11-15 00:19:00','00:06:50','A02','N4Y14K1M04A02','41115068','',1,NULL),(233,'2024-11-15 04:31:00','00:25:06','A02','M4Y14K1M05A02','41115075','',1,NULL),(234,'2024-11-15 04:32:00','00:24:06','A03','O4Y12K1M11A03','41115039','',1,NULL),(235,'2024-11-15 10:19:00','01:01:47','A03','O4Y12K1M13A03','41115044','',1,NULL),(236,'2024-11-15 10:20:00','01:05:29','A02','M4Y15K1M01A02','41115079','',1,NULL),(237,'2024-11-15 11:27:00','05:26:49','D04','','41115021','',0,NULL),(238,'2024-11-15 11:28:00','00:25:24','E25','M4Y14K1M02E25','41115043','',1,NULL),(239,'2024-11-15 11:50:00','00:57:33','E22','M4Y14K1M01E22','41115026','',1,NULL),(240,'2024-11-15 12:01:00','00:46:33','E12','N4Y14K1M01E12','41115040','',1,NULL),(241,'2024-11-15 12:01:00','00:44:47','E12','S4Y14K1M01E12','41115040','',1,NULL),(244,'2024-11-15 15:09:00','00:31:23','A01','A4Y15K1M01A01','41115080','',1,'KCN'),(245,'2024-11-15 15:09:00','00:31:17','A01','O4Y15K1M02A01','41115080','',1,'KCN'),(246,'2024-11-15 15:09:00','00:30:40','A01','O4Y15K1M03A01','41115082','',1,'KCN'),(247,'2024-11-15 15:09:00','00:27:39','A01','O4Y15K1M04A01','41115086','',1,'KCN'),(248,'2024-11-15 15:09:00','00:32:31','A02','M4Y15K1M02A02','41115081','',1,'KCN'),(249,'2024-11-15 15:12:00','00:30:19','A03','O4Y13K1M02A03','41115049','',1,'KCN'),(250,'2024-11-15 15:18:00','01:35:49','E26','M4Y08K1M02E26','41115013','',0,'HCM'),(251,'2024-11-15 15:31:00','01:22:49','E01','M4Y13K1M01E01','41115009','',0,'E01'),(252,'2024-11-15 15:31:00','01:22:49','E03','B4Y11K1M01E03','41115010','',0,'HCM'),(253,'2024-11-15 15:32:00','01:21:49','E03','M4Y11K1M01E03','41115010','',0,'HCM'),(254,'2024-11-15 15:32:00','01:21:49','E18','M4Y12K1M01E18','41115005','',0,'HCM'),(255,'2024-11-15 16:01:00','00:52:49','E02','M4Y12K1M01E02','41115022','',0,'HCM'),(256,'2024-11-15 16:01:00','00:52:49','E02','S4Y12K1M01E02','41115022','',0,'HCM'),(257,'2024-11-15 16:16:00','00:31:03','E14','M4Y15K1M01E14','41115012','',1,'HCM'),(258,'2024-11-15 16:25:00','00:28:49','I21','M4Y06K1M01I21','41115004','',0,'I21');
/*!40000 ALTER TABLE `actualreceivedtlip` ENABLE KEYS */;
UNLOCK TABLES;

--
-- Table structure for table `actualsissuestlip`
--

DROP TABLE IF EXISTS `actualsissuestlip`;
/*!40101 SET @saved_cs_client     = @@character_set_client */;
/*!50503 SET character_set_client = utf8mb4 */;
CREATE TABLE `actualsissuestlip` (
  `ActualID` int NOT NULL AUTO_INCREMENT,
  `PlanDetailID` int NOT NULL,
  `ActualTime` datetime NOT NULL,
  PRIMARY KEY (`ActualID`),
  KEY `PlanDetailID` (`PlanDetailID`),
  CONSTRAINT `actualsissuestlip_ibfk_1` FOREIGN KEY (`PlanDetailID`) REFERENCES `planritddetails` (`PlanDetailID`)
) ENGINE=InnoDB DEFAULT CHARSET=utf8mb4 COLLATE=utf8mb4_0900_ai_ci;
/*!40101 SET character_set_client = @saved_cs_client */;

--
-- Dumping data for table `actualsissuestlip`
--

LOCK TABLES `actualsissuestlip` WRITE;
/*!40000 ALTER TABLE `actualsissuestlip` DISABLE KEYS */;
/*!40000 ALTER TABLE `actualsissuestlip` ENABLE KEYS */;
UNLOCK TABLES;

--
-- Table structure for table `actualsreceivedenso`
--

DROP TABLE IF EXISTS `actualsreceivedenso`;
/*!40101 SET @saved_cs_client     = @@character_set_client */;
/*!50503 SET character_set_client = utf8mb4 */;
CREATE TABLE `actualsreceivedenso` (
  `ActualID` int NOT NULL AUTO_INCREMENT,
  `PlanDetailID` int NOT NULL,
  `ActualTime` datetime NOT NULL,
  PRIMARY KEY (`ActualID`),
  KEY `PlanDetailID` (`PlanDetailID`),
  CONSTRAINT `actualsreceivedenso_ibfk_1` FOREIGN KEY (`PlanDetailID`) REFERENCES `planritddetails` (`PlanDetailID`)
) ENGINE=InnoDB AUTO_INCREMENT=42 DEFAULT CHARSET=utf8mb4 COLLATE=utf8mb4_0900_ai_ci;
/*!40101 SET character_set_client = @saved_cs_client */;

--
-- Dumping data for table `actualsreceivedenso`
--

LOCK TABLES `actualsreceivedenso` WRITE;
/*!40000 ALTER TABLE `actualsreceivedenso` DISABLE KEYS */;
INSERT INTO `actualsreceivedenso` VALUES (1,1,'2024-10-12 01:00:00'),(2,2,'2024-10-12 02:30:00'),(3,3,'2024-10-12 04:00:00'),(4,4,'2024-10-12 05:00:00'),(5,5,'2024-10-12 06:30:00'),(6,6,'2024-10-12 08:30:00'),(7,7,'2024-10-12 09:00:00'),(8,8,'2024-10-12 10:00:00'),(9,9,'2024-10-12 11:00:00'),(10,10,'2024-10-12 12:00:00'),(11,11,'2024-10-12 13:30:00'),(12,12,'2024-10-12 14:00:00'),(13,13,'2024-10-12 15:00:00'),(14,14,'2024-10-12 16:30:00'),(15,15,'2024-10-12 18:30:00'),(16,16,'2024-10-12 19:00:00'),(17,17,'2024-10-12 19:00:00'),(18,18,'2024-10-12 20:00:00'),(19,19,'2024-10-12 21:00:00'),(20,20,'2024-10-12 22:00:00'),(21,1,'2024-10-13 01:00:00'),(22,2,'2024-10-13 02:30:00'),(23,3,'2024-10-13 04:00:00'),(24,4,'2024-10-13 05:00:00'),(25,5,'2024-10-13 06:30:00'),(26,6,'2024-10-13 08:30:00'),(27,7,'2024-10-13 09:00:00'),(28,8,'2024-10-13 10:00:00'),(29,9,'2024-10-13 11:00:00'),(30,10,'2024-10-13 12:00:00'),(31,11,'2024-10-13 13:30:00'),(32,12,'2024-10-13 14:00:00'),(33,13,'2024-10-13 15:00:00'),(34,14,'2024-10-13 16:30:00'),(35,15,'2024-10-13 18:30:00'),(36,16,'2024-10-13 19:00:00'),(37,17,'2024-10-13 19:00:00'),(38,18,'2024-10-13 20:00:00'),(39,19,'2024-10-13 21:00:00'),(40,20,'2024-10-13 22:00:00');
/*!40000 ALTER TABLE `actualsreceivedenso` ENABLE KEYS */;
UNLOCK TABLES;

--
-- Table structure for table `aspnetroleclaims`
--

DROP TABLE IF EXISTS `aspnetroleclaims`;
/*!40101 SET @saved_cs_client     = @@character_set_client */;
/*!50503 SET character_set_client = utf8mb4 */;
CREATE TABLE `aspnetroleclaims` (
  `Id` int NOT NULL AUTO_INCREMENT,
  `RoleId` varchar(255) NOT NULL,
  `ClaimType` longtext,
  `ClaimValue` longtext,
  PRIMARY KEY (`Id`),
  KEY `IX_AspNetRoleClaims_RoleId` (`RoleId`),
  CONSTRAINT `FK_AspNetRoleClaims_AspNetRoles_RoleId` FOREIGN KEY (`RoleId`) REFERENCES `aspnetroles` (`Id`) ON DELETE CASCADE
) ENGINE=InnoDB DEFAULT CHARSET=utf8mb4 COLLATE=utf8mb4_0900_ai_ci;
/*!40101 SET character_set_client = @saved_cs_client */;

--
-- Dumping data for table `aspnetroleclaims`
--

LOCK TABLES `aspnetroleclaims` WRITE;
/*!40000 ALTER TABLE `aspnetroleclaims` DISABLE KEYS */;
/*!40000 ALTER TABLE `aspnetroleclaims` ENABLE KEYS */;
UNLOCK TABLES;

--
-- Table structure for table `aspnetroles`
--

DROP TABLE IF EXISTS `aspnetroles`;
/*!40101 SET @saved_cs_client     = @@character_set_client */;
/*!50503 SET character_set_client = utf8mb4 */;
CREATE TABLE `aspnetroles` (
  `Id` varchar(255) NOT NULL,
  `Name` varchar(256) DEFAULT NULL,
  `NormalizedName` varchar(256) DEFAULT NULL,
  `ConcurrencyStamp` longtext,
  PRIMARY KEY (`Id`),
  UNIQUE KEY `RoleNameIndex` (`NormalizedName`)
) ENGINE=InnoDB DEFAULT CHARSET=utf8mb4 COLLATE=utf8mb4_0900_ai_ci;
/*!40101 SET character_set_client = @saved_cs_client */;

--
-- Dumping data for table `aspnetroles`
--

LOCK TABLES `aspnetroles` WRITE;
/*!40000 ALTER TABLE `aspnetroles` DISABLE KEYS */;
INSERT INTO `aspnetroles` VALUES ('19130d18-320e-4e6a-ab85-f7272f5b6b96','LOG Staff','LOG STAFF',NULL),('1934da7a-5d76-407c-9fc5-38e86ef196d6','PC Admin','PC ADMIN',NULL),('9eba3fc2-91cb-4713-9ef6-8e78cc940bad','PC Staff','PC STAFF',NULL),('a58ecf46-9644-4c37-9131-aa9363eac46b','Admin','ADMIN',NULL),('cbd695af-a26f-4520-927c-6c4f84ef6ffe','LOG Admin','LOG ADMIN',NULL);
/*!40000 ALTER TABLE `aspnetroles` ENABLE KEYS */;
UNLOCK TABLES;

--
-- Table structure for table `aspnetuserclaims`
--

DROP TABLE IF EXISTS `aspnetuserclaims`;
/*!40101 SET @saved_cs_client     = @@character_set_client */;
/*!50503 SET character_set_client = utf8mb4 */;
CREATE TABLE `aspnetuserclaims` (
  `Id` int NOT NULL AUTO_INCREMENT,
  `UserId` varchar(255) NOT NULL,
  `ClaimType` longtext,
  `ClaimValue` longtext,
  PRIMARY KEY (`Id`),
  KEY `IX_AspNetUserClaims_UserId` (`UserId`),
  CONSTRAINT `FK_AspNetUserClaims_AspNetUsers_UserId` FOREIGN KEY (`UserId`) REFERENCES `aspnetusers` (`Id`) ON DELETE CASCADE
) ENGINE=InnoDB DEFAULT CHARSET=utf8mb4 COLLATE=utf8mb4_0900_ai_ci;
/*!40101 SET character_set_client = @saved_cs_client */;

--
-- Dumping data for table `aspnetuserclaims`
--

LOCK TABLES `aspnetuserclaims` WRITE;
/*!40000 ALTER TABLE `aspnetuserclaims` DISABLE KEYS */;
/*!40000 ALTER TABLE `aspnetuserclaims` ENABLE KEYS */;
UNLOCK TABLES;

--
-- Table structure for table `aspnetuserlogins`
--

DROP TABLE IF EXISTS `aspnetuserlogins`;
/*!40101 SET @saved_cs_client     = @@character_set_client */;
/*!50503 SET character_set_client = utf8mb4 */;
CREATE TABLE `aspnetuserlogins` (
  `LoginProvider` varchar(128) NOT NULL,
  `ProviderKey` varchar(128) NOT NULL,
  `ProviderDisplayName` longtext,
  `UserId` varchar(255) NOT NULL,
  PRIMARY KEY (`LoginProvider`,`ProviderKey`),
  KEY `IX_AspNetUserLogins_UserId` (`UserId`),
  CONSTRAINT `FK_AspNetUserLogins_AspNetUsers_UserId` FOREIGN KEY (`UserId`) REFERENCES `aspnetusers` (`Id`) ON DELETE CASCADE
) ENGINE=InnoDB DEFAULT CHARSET=utf8mb4 COLLATE=utf8mb4_0900_ai_ci;
/*!40101 SET character_set_client = @saved_cs_client */;

--
-- Dumping data for table `aspnetuserlogins`
--

LOCK TABLES `aspnetuserlogins` WRITE;
/*!40000 ALTER TABLE `aspnetuserlogins` DISABLE KEYS */;
/*!40000 ALTER TABLE `aspnetuserlogins` ENABLE KEYS */;
UNLOCK TABLES;

--
-- Table structure for table `aspnetuserroles`
--

DROP TABLE IF EXISTS `aspnetuserroles`;
/*!40101 SET @saved_cs_client     = @@character_set_client */;
/*!50503 SET character_set_client = utf8mb4 */;
CREATE TABLE `aspnetuserroles` (
  `UserId` varchar(255) NOT NULL,
  `RoleId` varchar(255) NOT NULL,
  PRIMARY KEY (`UserId`,`RoleId`),
  KEY `IX_AspNetUserRoles_RoleId` (`RoleId`),
  CONSTRAINT `FK_AspNetUserRoles_AspNetRoles_RoleId` FOREIGN KEY (`RoleId`) REFERENCES `aspnetroles` (`Id`) ON DELETE CASCADE,
  CONSTRAINT `FK_AspNetUserRoles_AspNetUsers_UserId` FOREIGN KEY (`UserId`) REFERENCES `aspnetusers` (`Id`) ON DELETE CASCADE
) ENGINE=InnoDB DEFAULT CHARSET=utf8mb4 COLLATE=utf8mb4_0900_ai_ci;
/*!40101 SET character_set_client = @saved_cs_client */;

--
-- Dumping data for table `aspnetuserroles`
--

LOCK TABLES `aspnetuserroles` WRITE;
/*!40000 ALTER TABLE `aspnetuserroles` DISABLE KEYS */;
INSERT INTO `aspnetuserroles` VALUES ('f1e6d175-cf9e-4344-ac6e-c6fbdc9c6a55','1934da7a-5d76-407c-9fc5-38e86ef196d6'),('f1e6d175-cf9e-4344-ac6e-c6fbdc9c6a55','a58ecf46-9644-4c37-9131-aa9363eac46b'),('f1e6d175-cf9e-4344-ac6e-c6fbdc9c6a55','cbd695af-a26f-4520-927c-6c4f84ef6ffe');
/*!40000 ALTER TABLE `aspnetuserroles` ENABLE KEYS */;
UNLOCK TABLES;

--
-- Table structure for table `aspnetusers`
--

DROP TABLE IF EXISTS `aspnetusers`;
/*!40101 SET @saved_cs_client     = @@character_set_client */;
/*!50503 SET character_set_client = utf8mb4 */;
CREATE TABLE `aspnetusers` (
  `Id` varchar(255) NOT NULL,
  `UserName` varchar(256) DEFAULT NULL,
  `NormalizedUserName` varchar(256) DEFAULT NULL,
  `Email` varchar(256) DEFAULT NULL,
  `NormalizedEmail` varchar(256) DEFAULT NULL,
  `EmailConfirmed` tinyint(1) NOT NULL,
  `PasswordHash` longtext,
  `SecurityStamp` longtext,
  `ConcurrencyStamp` longtext,
  `PhoneNumber` longtext,
  `PhoneNumberConfirmed` tinyint(1) NOT NULL,
  `TwoFactorEnabled` tinyint(1) NOT NULL,
  `LockoutEnd` datetime(6) DEFAULT NULL,
  `LockoutEnabled` tinyint(1) NOT NULL,
  `AccessFailedCount` int NOT NULL,
  PRIMARY KEY (`Id`),
  UNIQUE KEY `UserNameIndex` (`NormalizedUserName`),
  KEY `EmailIndex` (`NormalizedEmail`)
) ENGINE=InnoDB DEFAULT CHARSET=utf8mb4 COLLATE=utf8mb4_0900_ai_ci;
/*!40101 SET character_set_client = @saved_cs_client */;

--
-- Dumping data for table `aspnetusers`
--

LOCK TABLES `aspnetusers` WRITE;
/*!40000 ALTER TABLE `aspnetusers` DISABLE KEYS */;
INSERT INTO `aspnetusers` VALUES ('f1e6d175-cf9e-4344-ac6e-c6fbdc9c6a55','123@123.com','123@123.COM','123@123.com','123@123.COM',1,'AQAAAAIAAYagAAAAEO/7wKPwuZQS3CMxQKTxsu8oC0f1ywyTk4KFrRp4MtlId6hmvA6q5kkTRQa62wJqkA==','TCZAS6ODQ423BBIOWAJBKCLGGAU7SRX4','a2d7835e-18c3-436d-92b5-37d1a28ce12e',NULL,0,0,NULL,1,0);
/*!40000 ALTER TABLE `aspnetusers` ENABLE KEYS */;
UNLOCK TABLES;

--
-- Table structure for table `aspnetusertokens`
--

DROP TABLE IF EXISTS `aspnetusertokens`;
/*!40101 SET @saved_cs_client     = @@character_set_client */;
/*!50503 SET character_set_client = utf8mb4 */;
CREATE TABLE `aspnetusertokens` (
  `UserId` varchar(255) NOT NULL,
  `LoginProvider` varchar(128) NOT NULL,
  `Name` varchar(128) NOT NULL,
  `Value` longtext,
  PRIMARY KEY (`UserId`,`LoginProvider`,`Name`),
  CONSTRAINT `FK_AspNetUserTokens_AspNetUsers_UserId` FOREIGN KEY (`UserId`) REFERENCES `aspnetusers` (`Id`) ON DELETE CASCADE
) ENGINE=InnoDB DEFAULT CHARSET=utf8mb4 COLLATE=utf8mb4_0900_ai_ci;
/*!40101 SET character_set_client = @saved_cs_client */;

--
-- Dumping data for table `aspnetusertokens`
--

LOCK TABLES `aspnetusertokens` WRITE;
/*!40000 ALTER TABLE `aspnetusertokens` DISABLE KEYS */;
/*!40000 ALTER TABLE `aspnetusertokens` ENABLE KEYS */;
UNLOCK TABLES;

--
-- Table structure for table `historyplanreceivedtlip`
--

DROP TABLE IF EXISTS `historyplanreceivedtlip`;
/*!40101 SET @saved_cs_client     = @@character_set_client */;
/*!50503 SET character_set_client = utf8mb4 */;
CREATE TABLE `historyplanreceivedtlip` (
  `HistoryID` int NOT NULL AUTO_INCREMENT,
  `PlanDetailID` int DEFAULT NULL,
  `ActualReceivedID` int DEFAULT NULL,
  `HistoryDate` date DEFAULT NULL,
  PRIMARY KEY (`HistoryID`),
  KEY `PlanDetailID` (`PlanDetailID`),
  KEY `ActualReceivedID` (`ActualReceivedID`),
  CONSTRAINT `historyplanreceivedtlip_ibfk_1` FOREIGN KEY (`PlanDetailID`) REFERENCES `plandetailreceivedtlip` (`PlanDetailID`),
  CONSTRAINT `historyplanreceivedtlip_ibfk_2` FOREIGN KEY (`ActualReceivedID`) REFERENCES `actualreceivedtlip` (`ActualReceivedID`)
) ENGINE=InnoDB AUTO_INCREMENT=696 DEFAULT CHARSET=utf8mb4 COLLATE=utf8mb4_0900_ai_ci;
/*!40101 SET character_set_client = @saved_cs_client */;

--
-- Dumping data for table `historyplanreceivedtlip`
--

LOCK TABLES `historyplanreceivedtlip` WRITE;
/*!40000 ALTER TABLE `historyplanreceivedtlip` DISABLE KEYS */;
INSERT INTO `historyplanreceivedtlip` VALUES (638,661,NULL,'2024-11-14'),(639,662,NULL,'2024-11-14'),(640,663,NULL,'2024-11-14'),(641,664,NULL,'2024-11-14'),(642,665,NULL,'2024-11-14'),(643,666,NULL,'2024-11-14'),(644,667,NULL,'2024-11-14'),(645,668,NULL,'2024-11-14'),(646,669,NULL,'2024-11-14'),(647,670,NULL,'2024-11-14'),(648,671,NULL,'2024-11-14'),(649,672,NULL,'2024-11-14'),(650,673,NULL,'2024-11-14'),(651,674,NULL,'2024-11-14'),(652,675,NULL,'2024-11-14'),(653,676,NULL,'2024-11-14'),(654,677,NULL,'2024-11-14'),(655,678,NULL,'2024-11-14'),(656,679,NULL,'2024-11-14'),(657,680,NULL,'2024-11-14'),(658,681,NULL,'2024-11-14'),(659,682,NULL,'2024-11-14'),(660,683,NULL,'2024-11-14'),(661,684,NULL,'2024-11-14'),(662,685,NULL,'2024-11-14'),(663,686,NULL,'2024-11-14'),(664,687,NULL,'2024-11-14'),(665,688,NULL,'2024-11-14'),(666,689,NULL,'2024-11-14'),(667,690,NULL,'2024-11-14'),(668,691,NULL,'2024-11-14'),(669,692,NULL,'2024-11-14'),(670,693,NULL,'2024-11-14'),(671,694,NULL,'2024-11-14'),(672,695,NULL,'2024-11-14'),(673,696,NULL,'2024-11-14'),(674,697,NULL,'2024-11-14'),(675,698,NULL,'2024-11-14'),(676,699,NULL,'2024-11-14'),(677,700,NULL,'2024-11-14'),(678,701,NULL,'2024-11-14'),(681,NULL,244,'2024-11-15'),(682,NULL,245,'2024-11-15'),(683,NULL,246,'2024-11-15'),(684,NULL,247,'2024-11-15'),(685,NULL,248,'2024-11-15'),(686,NULL,249,'2024-11-15'),(687,NULL,250,'2024-11-15'),(688,NULL,251,'2024-11-15'),(689,NULL,252,'2024-11-15'),(690,NULL,253,'2024-11-15'),(691,NULL,254,'2024-11-15'),(692,NULL,255,'2024-11-15'),(693,NULL,256,'2024-11-15'),(694,NULL,257,'2024-11-15'),(695,NULL,258,'2024-11-15');
/*!40000 ALTER TABLE `historyplanreceivedtlip` ENABLE KEYS */;
UNLOCK TABLES;

--
-- Table structure for table `plandetailreceivedtlip`
--

DROP TABLE IF EXISTS `plandetailreceivedtlip`;
/*!40101 SET @saved_cs_client     = @@character_set_client */;
/*!50503 SET character_set_client = utf8mb4 */;
CREATE TABLE `plandetailreceivedtlip` (
  `PlanDetailID` int NOT NULL AUTO_INCREMENT,
  `PlanID` int NOT NULL,
  `SupplierCode` varchar(100) CHARACTER SET utf8mb3 COLLATE utf8mb3_general_ci NOT NULL,
  `DeliveryTime` time NOT NULL,
  `WeekdayID` int NOT NULL,
  `LeadTime` time NOT NULL,
  `PlanType` enum('Weekly','Monthly','Bi-Monthly') CHARACTER SET utf8mb4 COLLATE utf8mb4_0900_ai_ci NOT NULL,
  `WeekOfMonth` int DEFAULT NULL,
  `OccurrencesPerMonth` int DEFAULT NULL,
  `TagName` varchar(100) DEFAULT NULL,
  PRIMARY KEY (`PlanDetailID`),
  KEY `SupplierCode` (`SupplierCode`),
  KEY `WeekdayID` (`WeekdayID`),
  KEY `PlanID` (`PlanID`),
  CONSTRAINT `plandetailreceivedtlip_ibfk_1` FOREIGN KEY (`SupplierCode`) REFERENCES `supplier` (`SupplierCode`),
  CONSTRAINT `plandetailreceivedtlip_ibfk_2` FOREIGN KEY (`WeekdayID`) REFERENCES `weekday` (`WeekdayID`),
  CONSTRAINT `plandetailreceivedtlip_ibfk_3` FOREIGN KEY (`PlanID`) REFERENCES `planreceivetlip` (`PlanID`)
) ENGINE=InnoDB AUTO_INCREMENT=801 DEFAULT CHARSET=utf8mb4 COLLATE=utf8mb4_0900_ai_ci;
/*!40101 SET character_set_client = @saved_cs_client */;

--
-- Dumping data for table `plandetailreceivedtlip`
--

LOCK TABLES `plandetailreceivedtlip` WRITE;
/*!40000 ALTER TABLE `plandetailreceivedtlip` DISABLE KEYS */;
INSERT INTO `plandetailreceivedtlip` VALUES (502,1,'A01','07:35:00',1,'01:00:00','Weekly',NULL,NULL,'KCN'),(503,1,'A02','07:35:00',1,'01:00:00','Weekly',NULL,NULL,'KCN'),(504,1,'A03','07:35:00',1,'01:00:00','Weekly',NULL,NULL,'KCN'),(505,1,'G66/G68','06:00:00',1,'04:00:00','Weekly',NULL,NULL,'G66/G68'),(506,1,'E25','10:35:00',1,'02:00:00','Weekly',NULL,NULL,'E25'),(507,1,'D04','10:35:00',1,'02:00:00','Weekly',NULL,NULL,'D04'),(508,1,'TD60','10:35:00',1,'02:00:00','Weekly',NULL,NULL,'TD60'),(509,1,'E12','10:35:00',1,'02:00:00','Weekly',NULL,NULL,'E12'),(510,1,'A08','10:35:00',1,'02:00:00','Weekly',NULL,NULL,'A08'),(511,1,'E01','10:35:00',1,'02:00:00','Weekly',NULL,NULL,'E01'),(512,1,'E22','10:35:00',1,'02:00:00','Weekly',NULL,NULL,'E22'),(513,1,'A07','10:35:00',1,'02:00:00','Weekly',NULL,NULL,'A07'),(514,1,'B35','10:35:00',1,'02:00:00','Weekly',NULL,NULL,'B35'),(515,1,'A01','11:05:00',1,'00:30:00','Weekly',NULL,NULL,'KCN'),(516,1,'A02','11:05:00',1,'00:30:00','Weekly',NULL,NULL,'KCN'),(517,1,'A03','11:05:00',1,'00:30:00','Weekly',NULL,NULL,'KCN'),(518,1,'E15','13:00:00',1,'01:00:00','Weekly',NULL,NULL,'E15'),(519,1,'E19','13:00:00',1,'01:00:00','Weekly',NULL,NULL,'E19'),(520,1,'E05','13:00:00',1,'01:00:00','Weekly',NULL,NULL,'E05'),(521,1,'E20','13:00:00',1,'01:00:00','Weekly',NULL,NULL,'E20'),(522,1,'A01','13:30:00',1,'00:30:00','Weekly',NULL,NULL,'KCN'),(523,1,'A02','13:30:00',1,'00:30:00','Weekly',NULL,NULL,'KCN'),(524,1,'A03','13:30:00',1,'00:30:00','Weekly',NULL,NULL,'KCN'),(525,1,'I04','14:30:00',1,'02:00:00','Monthly',2,NULL,'I04'),(526,1,'A01','15:30:00',1,'00:30:00','Weekly',NULL,NULL,'KCN'),(527,1,'A02','15:30:00',1,'00:30:00','Weekly',NULL,NULL,'KCN'),(528,1,'A03','15:30:00',1,'00:30:00','Weekly',NULL,NULL,'KCN'),(529,1,'A01','16:30:00',1,'00:30:00','Weekly',NULL,NULL,'KCN'),(530,1,'A02','16:30:00',1,'00:30:00','Weekly',NULL,NULL,'KCN'),(531,1,'A03','16:30:00',1,'00:30:00','Weekly',NULL,NULL,'KCN'),(532,1,'E15','16:30:00',1,'01:00:00','Weekly',NULL,NULL,'E15'),(533,1,'D04','16:30:00',1,'01:00:00','Weekly',NULL,NULL,'D04'),(534,1,'TD60','16:30:00',1,'01:00:00','Weekly',NULL,NULL,'TD60'),(535,1,'D04','18:00:00',1,'01:30:00','Weekly',3,NULL,'D04'),(536,1,'TD60','18:00:00',1,'01:30:00','Weekly',3,NULL,'TD60'),(537,1,'A01','19:00:00',1,'00:30:00','Weekly',NULL,NULL,'KCN'),(538,1,'A02','19:00:00',1,'00:30:00','Weekly',NULL,NULL,'KCN'),(539,1,'A03','19:00:00',1,'00:30:00','Weekly',NULL,NULL,'KCN'),(540,1,'A01','19:30:00',1,'01:00:00','Weekly',NULL,NULL,'KCN'),(541,1,'A02','19:30:00',1,'01:00:00','Weekly',NULL,NULL,'KCN'),(542,1,'A03','19:30:00',1,'01:00:00','Weekly',NULL,NULL,'KCN'),(543,1,'D04','19:30:00',1,'01:00:00','Weekly',NULL,NULL,'D04'),(544,1,'TD60','19:30:00',1,'01:00:00','Weekly',NULL,NULL,'TD60'),(545,1,'E25','19:30:00',1,'01:00:00','Weekly',NULL,NULL,'E25'),(546,1,'A01','23:30:00',1,'00:30:00','Weekly',NULL,NULL,'KCN'),(547,1,'A02','23:30:00',1,'00:30:00','Weekly',NULL,NULL,'KCN'),(548,1,'A03','23:30:00',1,'00:30:00','Weekly',NULL,NULL,'KCN'),(549,1,'A01','02:30:00',1,'00:30:00','Weekly',NULL,NULL,'KCN'),(550,1,'A02','02:30:00',1,'00:30:00','Weekly',NULL,NULL,'KCN'),(551,1,'A03','02:30:00',1,'00:30:00','Weekly',NULL,NULL,'KCN'),(552,1,'A01','05:20:00',1,'00:30:00','Weekly',NULL,NULL,'KCN'),(553,1,'A02','05:20:00',1,'00:30:00','Weekly',NULL,NULL,'KCN'),(554,1,'A03','05:20:00',1,'00:30:00','Weekly',NULL,NULL,'KCN'),(555,1,'I24','06:00:00',2,'02:00:00','Monthly',1,NULL,'I24'),(556,1,'I06','06:00:00',2,'02:00:00','Monthly',1,NULL,'I06'),(557,1,'I14','06:00:00',2,'02:00:00','Monthly',1,NULL,'I14'),(558,1,'I18','06:00:00',2,'02:00:00','Monthly',1,NULL,'I18'),(559,1,'A01','07:30:00',2,'01:00:00','Weekly',NULL,NULL,'KCN'),(560,1,'A02','07:00:00',2,'01:00:00','Weekly',NULL,NULL,'KCN'),(561,1,'A03','07:00:00',2,'01:00:00','Weekly',NULL,NULL,'KCN'),(562,1,'I05','08:00:00',2,'02:00:00','Weekly',NULL,NULL,'I05'),(563,1,'E25','10:30:00',2,'02:00:00','Weekly',NULL,NULL,'E25'),(564,1,'D04','10:30:00',2,'02:00:00','Weekly',NULL,NULL,'D04'),(565,1,'E12','10:30:00',2,'02:00:00','Weekly',NULL,NULL,'E12'),(566,1,'E22','10:30:00',2,'02:00:00','Weekly',NULL,NULL,'E22'),(567,1,'A01','11:00:00',2,'00:30:00','Weekly',NULL,NULL,'KCN'),(568,1,'A02','11:00:00',2,'00:30:00','Weekly',NULL,NULL,'KCN'),(569,1,'A03','11:00:00',2,'00:30:00','Weekly',NULL,NULL,'KCN'),(570,1,'E15','13:00:00',2,'01:00:00','Weekly',NULL,NULL,'E15'),(571,1,'E19','13:00:00',2,'01:00:00','Weekly',NULL,NULL,'E19'),(572,1,'A01','13:30:00',2,'00:30:00','Weekly',NULL,NULL,'KCN'),(573,1,'A02','13:30:00',2,'00:30:00','Weekly',NULL,NULL,'KCN'),(574,1,'A03','13:30:00',2,'00:30:00','Weekly',NULL,NULL,'KCN'),(575,1,'E27','14:30:00',2,'01:30:00','Weekly',NULL,NULL,'HCM'),(576,1,'E13','14:30:00',2,'01:30:00','Weekly',NULL,NULL,'HCM'),(577,1,'E14','14:30:00',2,'01:30:00','Weekly',NULL,NULL,'HCM'),(578,1,'E18','14:30:00',2,'01:30:00','Weekly',NULL,NULL,'HCM'),(579,1,'E03','14:30:00',2,'01:30:00','Weekly',NULL,NULL,'HCM'),(580,1,'E02','14:30:00',2,'01:30:00','Weekly',NULL,NULL,'HCM'),(581,1,'E04','14:30:00',2,'01:30:00','Weekly',NULL,NULL,'HCM'),(582,1,'E30','14:30:00',2,'01:30:00','Weekly',NULL,NULL,'HCM'),(583,1,'E26','14:30:00',2,'01:30:00','Weekly',NULL,NULL,'HCM'),(584,1,'E09','15:00:00',2,'01:00:00','Weekly',NULL,NULL,'E09'),(585,1,'E24','15:00:00',2,'01:00:00','Weekly',NULL,NULL,'E24'),(586,1,'A01','15:30:00',2,'00:30:00','Weekly',NULL,NULL,'KCN'),(587,1,'A02','15:30:00',2,'00:30:00','Weekly',NULL,NULL,'KCN'),(588,1,'A03','15:30:00',2,'00:30:00','Weekly',NULL,NULL,'KCN'),(589,1,'D04','16:00:00',2,'01:00:00','Weekly',NULL,NULL,'D04'),(590,1,'E15','16:00:00',2,'01:00:00','Weekly',NULL,NULL,'E15'),(591,1,'A01','16:30:00',2,'00:30:00','Weekly',NULL,NULL,'KCN'),(592,1,'A02','16:30:00',2,'00:30:00','Weekly',NULL,NULL,'KCN'),(593,1,'A03','16:30:00',2,'00:30:00','Weekly',NULL,NULL,'KCN'),(594,1,'I15','18:00:00',2,'01:30:00','Monthly',2,NULL,'I15'),(595,1,'A01','19:00:00',2,'00:30:00','Weekly',NULL,NULL,'KCN'),(596,1,'A02','19:00:00',2,'00:30:00','Weekly',NULL,NULL,'KCN'),(597,1,'A03','19:00:00',2,'00:30:00','Weekly',NULL,NULL,'KCN'),(598,1,'A01','19:30:00',2,'01:00:00','Weekly',NULL,NULL,'KCN'),(599,1,'A02','19:30:00',2,'01:00:00','Weekly',NULL,NULL,'KCN'),(600,1,'A03','19:30:00',2,'01:00:00','Weekly',NULL,NULL,'KCN'),(601,1,'D04','19:30:00',2,'01:00:00','Weekly',NULL,NULL,'D04'),(602,1,'E25','19:30:00',2,'01:00:00','Weekly',NULL,NULL,'E25'),(603,1,'A01','23:30:00',2,'00:30:00','Weekly',NULL,NULL,'KCN'),(604,1,'A02','23:30:00',2,'00:30:00','Weekly',NULL,NULL,'KCN'),(605,1,'A03','23:30:00',2,'00:30:00','Weekly',NULL,NULL,'KCN'),(606,1,'G66/G68','03:00:00',2,'03:00:00','Weekly',NULL,NULL,'G66/G68'),(607,1,'A01','02:30:00',2,'00:30:00','Weekly',NULL,NULL,'KCN'),(608,1,'A02','02:30:00',2,'00:30:00','Weekly',NULL,NULL,'KCN'),(609,1,'A03','02:30:00',2,'00:30:00','Weekly',NULL,NULL,'KCN'),(610,1,'A01','05:20:00',2,'00:30:00','Weekly',NULL,NULL,'KCN'),(611,1,'A02','05:20:00',2,'00:30:00','Weekly',NULL,NULL,'KCN'),(612,1,'A03','05:20:00',2,'00:30:00','Weekly',NULL,NULL,'KCN'),(613,1,'A01','07:30:00',3,'01:00:00','Weekly',NULL,NULL,'KCN'),(614,1,'A02','07:30:00',3,'01:00:00','Weekly',NULL,NULL,'KCN'),(615,1,'A03','07:30:00',3,'01:00:00','Weekly',NULL,NULL,'KCN'),(616,1,'E25','10:30:00',3,'02:00:00','Weekly',NULL,NULL,'E25'),(617,1,'D04','10:30:00',3,'02:00:00','Weekly',NULL,NULL,'D04'),(618,1,'E12','10:30:00',3,'02:00:00','Weekly',NULL,NULL,'E12'),(619,1,'E22','10:30:00',3,'02:00:00','Weekly',NULL,NULL,'E22'),(620,1,'A01','11:00:00',3,'00:30:00','Weekly',NULL,NULL,'KCN'),(621,1,'A02','11:00:00',3,'00:30:00','Weekly',NULL,NULL,'KCN'),(622,1,'A03','11:00:00',3,'00:30:00','Weekly',NULL,NULL,'KCN'),(623,1,'E15','13:00:00',3,'01:00:00','Weekly',NULL,NULL,'E15'),(624,1,'E19','13:30:00',3,'01:00:00','Weekly',NULL,NULL,'E19'),(625,1,'A01','13:30:00',3,'00:30:00','Weekly',NULL,NULL,'KCN'),(626,1,'A02','13:30:00',3,'00:30:00','Weekly',NULL,NULL,'KCN'),(627,1,'A03','13:30:00',3,'00:30:00','Weekly',NULL,NULL,'KCN'),(628,1,'A01','15:30:00',3,'00:30:00','Weekly',NULL,NULL,'KCN'),(629,1,'A02','15:30:00',3,'00:30:00','Weekly',NULL,NULL,'KCN'),(630,1,'A03','15:30:00',3,'00:30:00','Weekly',NULL,NULL,'KCN'),(631,1,'D04','16:00:00',3,'01:30:00','Weekly',NULL,NULL,'D04'),(632,1,'B372','16:00:00',3,'01:30:00','Weekly',NULL,NULL,'B372'),(633,1,'E23','16:00:00',3,'01:30:00','Weekly',NULL,NULL,'E23'),(634,1,'E06','16:00:00',3,'01:30:00','Weekly',NULL,NULL,'E06'),(635,1,'E29','16:00:00',3,'01:30:00','Weekly',NULL,NULL,'E29'),(636,1,'E15','16:00:00',3,'01:30:00','Weekly',NULL,NULL,'E15'),(637,1,'A01','19:00:00',3,'00:30:00','Weekly',NULL,NULL,'KCN'),(638,1,'A02','19:00:00',3,'00:30:00','Weekly',NULL,NULL,'KCN'),(639,1,'A03','19:00:00',3,'00:30:00','Weekly',NULL,NULL,'KCN'),(640,1,'H91','19:30:00',3,'02:30:00','Monthly',3,NULL,'H91'),(641,1,'H96','19:30:00',3,'02:30:00','Monthly',2,NULL,'H96'),(642,1,'G03','19:30:00',3,'02:30:00','Monthly',3,NULL,'G03'),(643,1,'A01','19:30:00',3,'01:00:00','Weekly',NULL,NULL,'KCN'),(644,1,'A02','19:30:00',3,'01:00:00','Weekly',NULL,NULL,'KCN'),(645,1,'A03','19:30:00',3,'01:00:00','Weekly',NULL,NULL,'KCN'),(646,1,'D04','19:30:00',3,'01:00:00','Weekly',NULL,NULL,'D04'),(647,1,'E25','19:30:00',3,'01:00:00','Weekly',NULL,NULL,'E25'),(648,1,'I17','22:30:00',3,'02:30:00','Monthly',1,NULL,'I17'),(649,1,'H93','22:30:00',3,'02:00:00','Monthly',3,NULL,'H93'),(650,1,'A01','23:30:00',3,'00:30:00','Weekly',NULL,NULL,'KCN'),(651,1,'A02','23:30:00',3,'00:30:00','Weekly',NULL,NULL,'KCN'),(652,1,'A03','23:30:00',3,'00:30:00','Weekly',NULL,NULL,'KCN'),(653,1,'I10','00:30:00',3,'01:00:00','Monthly',3,NULL,'I10'),(654,1,'G66/G68','02:00:00',3,'03:30:00','Weekly',NULL,NULL,'G66/G68'),(655,1,'A01','02:30:00',3,'00:30:00','Weekly',NULL,NULL,'KCN'),(656,1,'A02','02:30:00',3,'00:30:00','Weekly',NULL,NULL,'KCN'),(657,1,'A03','02:30:00',3,'00:30:00','Weekly',NULL,NULL,'KCN'),(658,1,'A01','05:20:00',3,'00:30:00','Weekly',NULL,NULL,'KCN'),(659,1,'A02','05:20:00',3,'00:30:00','Weekly',NULL,NULL,'KCN'),(660,1,'A03','05:20:00',3,'00:30:00','Weekly',NULL,NULL,'KCN'),(661,1,'A01','07:30:00',4,'00:30:00','Weekly',NULL,NULL,'KCN'),(662,1,'A02','07:30:00',4,'00:30:00','Weekly',NULL,NULL,'KCN'),(663,1,'A03','07:30:00',4,'00:30:00','Weekly',NULL,NULL,'KCN'),(664,1,'E25','10:30:00',4,'02:00:00','Weekly',NULL,NULL,'E25'),(665,1,'D04','10:30:00',4,'02:00:00','Weekly',NULL,NULL,'D04'),(666,1,'E12','10:30:00',4,'02:00:00','Weekly',NULL,NULL,'E12'),(667,1,'E22','10:30:00',4,'02:00:00','Weekly',NULL,NULL,'E22'),(668,1,'A01','11:00:00',4,'00:30:00','Weekly',NULL,NULL,'KCN'),(669,1,'A02','11:00:00',4,'00:30:00','Weekly',NULL,NULL,'KCN'),(670,1,'A03','11:00:00',4,'00:30:00','Weekly',NULL,NULL,'KCN'),(671,1,'E15','13:00:00',4,'01:00:00','Weekly',NULL,NULL,'E15'),(672,1,'E19','13:30:00',4,'01:00:00','Weekly',NULL,NULL,'E19'),(673,1,'A01','13:30:00',4,'00:30:00','Weekly',NULL,NULL,'KCN'),(674,1,'A02','13:30:00',4,'00:30:00','Weekly',NULL,NULL,'KCN'),(675,1,'A03','13:30:00',4,'00:30:00','Weekly',NULL,NULL,'KCN'),(676,1,'A01','15:30:00',4,'00:30:00','Weekly',NULL,NULL,'KCN'),(677,1,'A02','15:30:00',4,'00:30:00','Weekly',NULL,NULL,'KCN'),(678,1,'A03','15:30:00',4,'00:30:00','Weekly',NULL,NULL,'KCN'),(679,1,'D04','16:00:00',4,'01:30:00','Weekly',NULL,NULL,'D04'),(680,1,'E21','16:00:00',4,'01:30:00','Weekly',NULL,NULL,'E21'),(681,1,'E15','16:00:00',4,'01:30:00','Weekly',NULL,NULL,'E15'),(682,1,'A01','16:30:00',4,'00:30:00','Weekly',NULL,NULL,'KCN'),(683,1,'A02','16:30:00',4,'00:30:00','Weekly',NULL,NULL,'KCN'),(684,1,'A03','16:30:00',4,'00:30:00','Weekly',NULL,NULL,'KCN'),(685,1,'A01','19:00:00',4,'00:30:00','Weekly',NULL,NULL,'KCN'),(686,1,'A02','19:00:00',4,'00:30:00','Weekly',NULL,NULL,'KCN'),(687,1,'A03','19:00:00',4,'00:30:00','Weekly',NULL,NULL,'KCN'),(688,1,'A01','19:30:00',4,'01:00:00','Weekly',NULL,NULL,'KCN'),(689,1,'A02','19:30:00',4,'01:00:00','Weekly',NULL,NULL,'KCN'),(690,1,'A03','19:30:00',4,'01:00:00','Weekly',NULL,NULL,'KCN'),(691,1,'D04','19:30:00',4,'01:00:00','Weekly',NULL,NULL,'D04'),(692,1,'E25','19:30:00',4,'01:00:00','Weekly',NULL,NULL,'E25'),(693,1,'A01','23:00:00',4,'00:30:00','Weekly',NULL,NULL,'KCN'),(694,1,'A02','23:00:00',4,'00:30:00','Weekly',NULL,NULL,'KCN'),(695,1,'A03','23:00:00',4,'00:30:00','Weekly',NULL,NULL,'KCN'),(696,1,'A01','02:30:00',4,'00:30:00','Weekly',NULL,NULL,'KCN'),(697,1,'A02','02:30:00',4,'00:30:00','Weekly',NULL,NULL,'KCN'),(698,1,'A03','02:30:00',4,'00:30:00','Weekly',NULL,NULL,'KCN'),(699,1,'A01','05:20:00',4,'00:30:00','Weekly',NULL,NULL,'KCN'),(700,1,'A02','05:20:00',4,'00:30:00','Weekly',NULL,NULL,'KCN'),(701,1,'A03','05:20:00',4,'00:30:00','Weekly',NULL,NULL,'KCN'),(702,1,'G05','06:00:00',5,'02:30:00','Weekly',NULL,NULL,'G05'),(703,1,'A01','07:30:00',5,'01:00:00','Weekly',NULL,NULL,'KCN'),(704,1,'A02','07:30:00',5,'01:00:00','Weekly',NULL,NULL,'KCN'),(705,1,'A03','07:30:00',5,'01:00:00','Weekly',NULL,NULL,'KCN'),(706,1,'E25','10:30:00',5,'02:00:00','Weekly',NULL,NULL,'E25'),(707,1,'D04','10:30:00',5,'02:00:00','Weekly',NULL,NULL,'D04'),(708,1,'TD60','10:30:00',5,'02:00:00','Weekly',NULL,NULL,'TD60'),(709,1,'E12','10:30:00',5,'02:00:00','Weekly',NULL,NULL,'E12'),(710,1,'E22','10:30:00',5,'02:00:00','Weekly',NULL,NULL,'E22'),(711,1,'A01','11:00:00',5,'00:30:00','Weekly',NULL,NULL,'KCN'),(712,1,'A02','11:00:00',5,'00:30:00','Weekly',NULL,NULL,'KCN'),(713,1,'A03','11:00:00',5,'00:30:00','Weekly',NULL,NULL,'KCN'),(714,1,'E15','13:00:00',5,'01:00:00','Weekly',NULL,NULL,'E15'),(715,1,'E19','13:30:00',5,'01:00:00','Weekly',NULL,NULL,'E19'),(716,1,'A01','13:30:00',5,'00:30:00','Weekly',NULL,NULL,'KCN'),(717,1,'A02','13:30:00',5,'00:30:00','Weekly',NULL,NULL,'KCN'),(718,1,'A03','13:30:00',5,'00:30:00','Weekly',NULL,NULL,'KCN'),(719,1,'E27','14:30:00',5,'01:30:00','Weekly',NULL,NULL,'HCM'),(720,1,'E13','14:30:00',5,'01:30:00','Weekly',NULL,NULL,'HCM'),(721,1,'E14','14:30:00',5,'01:30:00','Weekly',NULL,NULL,'HCM'),(722,1,'E18','14:30:00',5,'01:30:00','Weekly',NULL,NULL,'HCM'),(723,1,'E03','14:30:00',5,'01:30:00','Weekly',NULL,NULL,'HCM'),(724,1,'E02','14:30:00',5,'01:30:00','Weekly',NULL,NULL,'HCM'),(725,1,'E04','14:30:00',5,'01:30:00','Weekly',NULL,NULL,'HCM'),(726,1,'E30','14:30:00',5,'01:30:00','Weekly',NULL,NULL,'HCM'),(727,1,'E26','14:30:00',5,'01:30:00','Weekly',NULL,NULL,'HCM'),(728,1,'A01','15:30:00',5,'00:30:00','Weekly',NULL,NULL,'KCN'),(729,1,'A02','15:30:00',5,'00:30:00','Weekly',NULL,NULL,'KCN'),(730,1,'A03','15:30:00',5,'00:30:00','Weekly',NULL,NULL,'KCN'),(731,1,'D04','16:00:00',5,'01:30:00','Weekly',NULL,NULL,'D04'),(732,1,'TD60','16:00:00',5,'01:30:00','Weekly',NULL,NULL,'TD60'),(733,1,'E15','16:00:00',5,'01:30:00','Weekly',NULL,NULL,'E15'),(734,1,'E23','16:00:00',5,'01:30:00','Weekly',NULL,NULL,'E23'),(735,1,'A01','16:30:00',5,'00:30:00','Weekly',NULL,NULL,'KCN'),(736,1,'A02','16:30:00',5,'00:30:00','Weekly',NULL,NULL,'KCN'),(737,1,'A03','16:30:00',5,'00:30:00','Weekly',NULL,NULL,'KCN'),(738,1,'A01','19:00:00',5,'00:30:00','Weekly',NULL,NULL,'KCN'),(739,1,'A02','19:00:00',5,'00:30:00','Weekly',NULL,NULL,'KCN'),(740,1,'A03','19:00:00',5,'00:30:00','Weekly',NULL,NULL,'KCN'),(741,1,'A01','19:30:00',5,'01:00:00','Weekly',NULL,NULL,'KCN'),(742,1,'A02','19:30:00',5,'01:00:00','Weekly',NULL,NULL,'KCN'),(743,1,'A03','19:30:00',5,'01:00:00','Weekly',NULL,NULL,'KCN'),(744,1,'D04','19:30:00',5,'01:00:00','Weekly',NULL,NULL,'D04'),(745,1,'TD60','19:30:00',5,'01:00:00','Weekly',NULL,NULL,'TD60'),(746,1,'E25','19:30:00',5,'01:00:00','Weekly',NULL,NULL,'E25'),(747,1,'B222','20:00:00',5,'02:00:00','Monthly',3,NULL,'B222'),(748,1,'G02','20:00:00',5,'02:00:00','Monthly',3,NULL,'G02'),(749,1,'G06','20:00:00',5,'02:00:00','Weekly',NULL,NULL,'G06'),(750,1,'H98','22:30:00',5,'01:30:00','Monthly',2,NULL,'H98'),(751,1,'A01','23:30:00',5,'00:30:00','Weekly',NULL,NULL,'KCN'),(752,1,'A02','23:30:00',5,'00:30:00','Weekly',NULL,NULL,'KCN'),(753,1,'A03','23:30:00',5,'00:30:00','Weekly',NULL,NULL,'KCN'),(754,1,'D08','00:00:00',5,'01:30:00','Weekly',NULL,NULL,'D08'),(755,1,'G66/G68','00:00:00',5,'06:00:00','Weekly',NULL,NULL,'G66/G68'),(756,1,'A01','02:30:00',5,'00:30:00','Weekly',NULL,NULL,'KCN'),(757,1,'A02','02:30:00',5,'00:30:00','Weekly',NULL,NULL,'KCN'),(758,1,'A03','02:30:00',5,'00:30:00','Weekly',NULL,NULL,'KCN'),(759,1,'A01','05:20:00',5,'00:30:00','Weekly',NULL,NULL,'KCN'),(760,1,'A02','05:20:00',5,'00:30:00','Weekly',NULL,NULL,'KCN'),(761,1,'A03','05:20:00',5,'00:30:00','Weekly',NULL,NULL,'KCN'),(762,1,'A01','07:30:00',6,'01:00:00','Weekly',NULL,NULL,'KCN'),(763,1,'A02','07:30:00',6,'01:00:00','Weekly',NULL,NULL,'KCN'),(764,1,'A03','07:30:00',6,'01:00:00','Weekly',NULL,NULL,'KCN'),(765,1,'E25','10:30:00',6,'02:00:00','Weekly',NULL,NULL,'E25'),(766,1,'D04','10:30:00',6,'02:00:00','Weekly',NULL,NULL,'D04'),(767,1,'E12','10:30:00',6,'02:00:00','Weekly',NULL,NULL,'E12'),(768,1,'A01','11:00:00',6,'00:30:00','Weekly',NULL,NULL,'KCN'),(769,1,'A02','11:00:00',6,'00:30:00','Weekly',NULL,NULL,'KCN'),(770,1,'A03','11:00:00',6,'00:30:00','Weekly',NULL,NULL,'KCN'),(771,1,'E15','13:00:00',6,'01:00:00','Weekly',NULL,NULL,'E15'),(772,1,'E19','13:30:00',6,'01:00:00','Weekly',NULL,NULL,'E19'),(773,1,'A01','13:30:00',6,'00:30:00','Weekly',NULL,NULL,'KCN'),(774,1,'A02','13:30:00',6,'00:30:00','Weekly',NULL,NULL,'KCN'),(775,1,'A03','13:30:00',6,'00:30:00','Weekly',NULL,NULL,'KCN'),(776,1,'A01','15:30:00',6,'00:30:00','Weekly',NULL,NULL,'KCN'),(777,1,'A02','15:30:00',6,'00:30:00','Weekly',NULL,NULL,'KCN'),(778,1,'A03','15:30:00',6,'00:30:00','Weekly',NULL,NULL,'KCN'),(779,1,'D04','16:00:00',6,'01:30:00','Weekly',NULL,NULL,'D04'),(780,1,'E15','16:00:00',6,'01:30:00','Weekly',NULL,NULL,'E15'),(781,1,'A01','16:30:00',6,'00:30:00','Weekly',NULL,NULL,'KCN'),(782,1,'A02','16:30:00',6,'00:30:00','Weekly',NULL,NULL,'KCN'),(783,1,'A03','16:30:00',6,'00:30:00','Weekly',NULL,NULL,'KCN'),(784,1,'A01','19:00:00',6,'00:30:00','Weekly',NULL,NULL,'KCN'),(785,1,'A02','19:00:00',6,'00:30:00','Weekly',NULL,NULL,'KCN'),(786,1,'A03','19:00:00',6,'00:30:00','Weekly',NULL,NULL,'KCN'),(787,1,'A01','19:30:00',6,'01:00:00','Weekly',NULL,NULL,'KCN'),(788,1,'A02','19:30:00',6,'01:00:00','Weekly',NULL,NULL,'KCN'),(789,1,'A03','19:30:00',6,'01:00:00','Weekly',NULL,NULL,'KCN'),(790,1,'D04','19:30:00',6,'01:00:00','Weekly',NULL,NULL,'D04'),(791,1,'E25','19:30:00',6,'01:00:00','Weekly',NULL,NULL,'E25'),(792,1,'A01','23:30:00',6,'00:30:00','Weekly',NULL,NULL,'KCN'),(793,1,'A02','23:30:00',6,'00:30:00','Weekly',NULL,NULL,'KCN'),(794,1,'A03','23:30:00',6,'00:30:00','Weekly',NULL,NULL,'KCN'),(795,1,'A01','02:30:00',6,'00:30:00','Weekly',NULL,NULL,'KCN'),(796,1,'A02','02:30:00',6,'00:30:00','Weekly',NULL,NULL,'KCN'),(797,1,'A03','02:30:00',6,'00:30:00','Weekly',NULL,NULL,'KCN'),(798,1,'A01','05:00:00',6,'00:30:00','Weekly',NULL,NULL,'KCN'),(799,1,'A02','05:00:00',6,'00:30:00','Weekly',NULL,NULL,'KCN'),(800,1,'A03','05:00:00',6,'00:30:00','Weekly',NULL,NULL,'KCN');
/*!40000 ALTER TABLE `plandetailreceivedtlip` ENABLE KEYS */;
UNLOCK TABLES;

--
-- Table structure for table `planreceivetlip`
--

DROP TABLE IF EXISTS `planreceivetlip`;
/*!40101 SET @saved_cs_client     = @@character_set_client */;
/*!50503 SET character_set_client = utf8mb4 */;
CREATE TABLE `planreceivetlip` (
  `PlanID` int NOT NULL AUTO_INCREMENT,
  `PlanName` varchar(100) CHARACTER SET utf8mb4 COLLATE utf8mb4_0900_ai_ci NOT NULL,
  `EffectiveDate` date NOT NULL,
  PRIMARY KEY (`PlanID`)
) ENGINE=InnoDB AUTO_INCREMENT=2 DEFAULT CHARSET=utf8mb4 COLLATE=utf8mb4_0900_ai_ci;
/*!40101 SET character_set_client = @saved_cs_client */;

--
-- Dumping data for table `planreceivetlip`
--

LOCK TABLES `planreceivetlip` WRITE;
/*!40000 ALTER TABLE `planreceivetlip` DISABLE KEYS */;
INSERT INTO `planreceivetlip` VALUES (1,'K hoch nhn hng 2024','2024-10-01');
/*!40000 ALTER TABLE `planreceivetlip` ENABLE KEYS */;
UNLOCK TABLES;

--
-- Table structure for table `planritd`
--

DROP TABLE IF EXISTS `planritd`;
/*!40101 SET @saved_cs_client     = @@character_set_client */;
/*!50503 SET character_set_client = utf8mb4 */;
CREATE TABLE `planritd` (
  `PlanID` int NOT NULL AUTO_INCREMENT,
  `PlanName` varchar(100) CHARACTER SET utf8mb4 COLLATE utf8mb4_0900_ai_ci NOT NULL,
  `PlanType` enum('Received','Issued') CHARACTER SET utf8mb4 COLLATE utf8mb4_0900_ai_ci NOT NULL,
  `TotalShipment` int NOT NULL DEFAULT '0',
  `EffectiveDate` date NOT NULL,
  PRIMARY KEY (`PlanID`)
) ENGINE=InnoDB AUTO_INCREMENT=3 DEFAULT CHARSET=utf8mb4 COLLATE=utf8mb4_0900_ai_ci;
/*!40101 SET character_set_client = @saved_cs_client */;

--
-- Dumping data for table `planritd`
--

LOCK TABLES `planritd` WRITE;
/*!40000 ALTER TABLE `planritd` DISABLE KEYS */;
INSERT INTO `planritd` VALUES (1,'Plan RITD','Received',20,'2024-10-03'),(2,'Plan RITD','Received',20,'2024-10-09');
/*!40000 ALTER TABLE `planritd` ENABLE KEYS */;
UNLOCK TABLES;

--
-- Table structure for table `planritddetails`
--

DROP TABLE IF EXISTS `planritddetails`;
/*!40101 SET @saved_cs_client     = @@character_set_client */;
/*!50503 SET character_set_client = utf8mb4 */;
CREATE TABLE `planritddetails` (
  `PlanDetailID` int NOT NULL AUTO_INCREMENT,
  `PlanID` int NOT NULL,
  `PlanTime` time NOT NULL,
  `PlanDetailName` varchar(100) CHARACTER SET utf8mb4 COLLATE utf8mb4_0900_ai_ci NOT NULL,
  `StatusReceiveID` int DEFAULT NULL,
  `StatusIssueID` int DEFAULT NULL,
  PRIMARY KEY (`PlanDetailID`),
  KEY `PlanID` (`PlanID`),
  KEY `StatusReceiveID` (`StatusReceiveID`),
  KEY `StatusIssueID` (`StatusIssueID`),
  CONSTRAINT `planritddetails_ibfk_1` FOREIGN KEY (`PlanID`) REFERENCES `planritd` (`PlanID`),
  CONSTRAINT `planritddetails_ibfk_2` FOREIGN KEY (`StatusReceiveID`) REFERENCES `statusesritd` (`StatusID`),
  CONSTRAINT `planritddetails_ibfk_3` FOREIGN KEY (`StatusIssueID`) REFERENCES `statusesritd` (`StatusID`)
) ENGINE=InnoDB AUTO_INCREMENT=41 DEFAULT CHARSET=utf8mb4 COLLATE=utf8mb4_0900_ai_ci;
/*!40101 SET character_set_client = @saved_cs_client */;

--
-- Dumping data for table `planritddetails`
--

LOCK TABLES `planritddetails` WRITE;
/*!40000 ALTER TABLE `planritddetails` DISABLE KEYS */;
INSERT INTO `planritddetails` VALUES (1,1,'00:30:00','S 1',NULL,NULL),(2,1,'02:00:00','S 2',NULL,NULL),(3,1,'03:40:00','S 3',NULL,NULL),(4,1,'04:30:00','S 4',NULL,NULL),(5,1,'06:00:00','S 5',NULL,NULL),(6,1,'07:30:00','S 6',NULL,NULL),(7,1,'08:30:00','S 7',NULL,NULL),(8,1,'10:00:00','S 8',NULL,NULL),(9,1,'10:10:00','S 9',NULL,NULL),(10,1,'12:30:00','S 10',NULL,NULL),(11,1,'13:30:00','S 11',NULL,NULL),(12,1,'14:30:00','S 12',NULL,NULL),(13,1,'15:30:00','S 13',NULL,NULL),(14,1,'17:00:00','S 14',NULL,NULL),(15,1,'18:30:00','S 15',NULL,NULL),(16,1,'19:30:00','S 16',NULL,NULL),(17,1,'20:30:00','S 17',NULL,NULL),(18,1,'21:30:00','S 18',NULL,NULL),(19,1,'22:30:00','S 19',NULL,NULL),(20,1,'23:30:00','S 20',NULL,NULL),(21,2,'00:30:00','S 1',NULL,NULL),(22,2,'03:00:00','S 2',NULL,NULL),(23,2,'03:40:00','S 3',NULL,NULL),(24,2,'04:30:00','S 4',NULL,NULL),(25,2,'06:00:00','S 5',NULL,NULL),(26,2,'07:30:00','S 6',NULL,NULL),(27,2,'08:30:00','S 7',NULL,NULL),(28,2,'10:00:00','S 8',NULL,NULL),(29,2,'10:10:00','S 9',NULL,NULL),(30,2,'12:30:00','S 10',NULL,NULL),(31,2,'13:30:00','S 11',NULL,NULL),(32,2,'14:30:00','S 12',NULL,NULL),(33,2,'15:30:00','S 13',NULL,NULL),(34,2,'17:00:00','S 14',NULL,NULL),(35,2,'18:30:00','S 15',NULL,NULL),(36,2,'19:30:00','S 16',NULL,NULL),(37,2,'20:30:00','S 17',NULL,NULL),(38,2,'21:30:00','S 18',NULL,NULL),(39,2,'22:30:00','S 19',NULL,NULL),(40,2,'23:30:00','S 20',NULL,NULL);
/*!40000 ALTER TABLE `planritddetails` ENABLE KEYS */;
UNLOCK TABLES;

--
-- Table structure for table `statusesritd`
--

DROP TABLE IF EXISTS `statusesritd`;
/*!40101 SET @saved_cs_client     = @@character_set_client */;
/*!50503 SET character_set_client = utf8mb4 */;
CREATE TABLE `statusesritd` (
  `StatusID` int NOT NULL AUTO_INCREMENT,
  `Status` enum('Pending','In Transit','Delivered','Received') CHARACTER SET utf8mb4 COLLATE utf8mb4_0900_ai_ci NOT NULL,
  PRIMARY KEY (`StatusID`)
) ENGINE=InnoDB AUTO_INCREMENT=5 DEFAULT CHARSET=utf8mb4 COLLATE=utf8mb4_0900_ai_ci;
/*!40101 SET character_set_client = @saved_cs_client */;

--
-- Dumping data for table `statusesritd`
--

LOCK TABLES `statusesritd` WRITE;
/*!40000 ALTER TABLE `statusesritd` DISABLE KEYS */;
INSERT INTO `statusesritd` VALUES (1,'Pending'),(2,'In Transit'),(3,'Delivered'),(4,'Received');
/*!40000 ALTER TABLE `statusesritd` ENABLE KEYS */;
UNLOCK TABLES;

--
-- Table structure for table `supplier`
--

DROP TABLE IF EXISTS `supplier`;
/*!40101 SET @saved_cs_client     = @@character_set_client */;
/*!50503 SET character_set_client = utf8mb4 */;
CREATE TABLE `supplier` (
  `SupplierCode` varchar(100) CHARACTER SET utf8mb3 COLLATE utf8mb3_general_ci NOT NULL,
  `SupplierName` varchar(100) CHARACTER SET utf8mb4 COLLATE utf8mb4_0900_ai_ci DEFAULT NULL,
  PRIMARY KEY (`SupplierCode`)
) ENGINE=InnoDB DEFAULT CHARSET=utf8mb4 COLLATE=utf8mb4_0900_ai_ci;
/*!40101 SET character_set_client = @saved_cs_client */;

--
-- Dumping data for table `supplier`
--

LOCK TABLES `supplier` WRITE;
/*!40000 ALTER TABLE `supplier` DISABLE KEYS */;
INSERT INTO `supplier` VALUES ('A01','OHARA VIETNAM'),('A02','MATSUO VIETNAM'),('A03','HAL VIETNAM'),('A04','KEINHING VIETNAM'),('A06','NIPPO MECHATRONIC VIETNAM'),('A07','NSK VIETNAM'),('A08','FUKOKU VIETNAM'),('A09','RYHTHM KYOSHIN HN'),('A10','TOYOTA TSUSHO VN'),('A12','NIPPO MECHATRONIC VIETNAM'),('A14','Parker Processing VN'),('B04','CTY QUC TUN'),('B08','CTY THUN AN'),('B10','CTY TNHH THUONG MAI PHUC MA'),('B105','CTY TNHH HTECH'),('B11','CTY TNHH HOA HOC UNG DNG'),('B12','CTY TNHH AIR LIQUIDE VIET NAM'),('B13','CTY TNHH NGUYEN VAN THA'),('B132','CTY TNHH ANH MINH'),('B134','CTY TNHH C MINH'),('B139','CTY TNHH VIT ANH'),('B159','Kura'),('B17','CTY TNHH THUONG MAI HA ANH'),('B18','CTY CP SX & DV CONG NGHIEP GMF'),('B190','IDEMITSU'),('B20','CTY TNHH DUC ANH'),('B205','TOPSUN'),('B206','TANAKA KIKINZOKU'),('B214','NISHI TOKYO CHEMIX CORPORATION'),('B222','ARMOR WEATHYSHINE'),('B228','SHINJIKI'),('B237','SUNRISE'),('B24','CTY CP CHUYEN GIAO CN TECH VINA'),('B269','Cng ty TNHH PT'),('B28','CTY TNHH TM & CONG NGHE HONG DUONG'),('B30','CONG TY TNHH KSMC'),('B318','UENO'),('B32','Longson JSC'),('B35','HA SON'),('B369','CHI NHANH CTY NHT PHT TI HN'),('B372','CTY TNHH SERTIM'),('B71','JFE'),('D02','DENSO KOREA CORPORATION'),('D04','HDVN'),('D08','AINE'),('D09/TD20/TD23/TD24','DENSO THAILAND'),('D10/D03/D05/TD12/TD15','DNIA'),('D11','DMAT'),('D12','DENSO MANUFACTURING HUNGA'),('D13','DNMX ( Denso Mexico )'),('Di261401-5200','null'),('E01','KYOSHIN VIETNAM'),('E02','MARUEI VIETNAM PRECISION Co.,Ltd'),('E03','MEINAN VIETNAM PRECISION Co.,Ltd'),('E04','HARIKI'),('E05','ADVANEX VIETNAM'),('E06','ATARIH PRECISION'),('E09','VINA TAIYO'),('E10','FUJIKURA VN/ FUJIKURA TRADING(HCM BRANCH)'),('E12','SANWA VN'),('E13','KAWASAKI VN'),('E14','SANYO VN'),('E15','SURTECKARIYA VN'),('E16','SHOEI VN'),('E17','TOPY FASTERNER VN'),('E18','KURABE INDUCTRIES VN'),('E19','NOGUCHI VIETNAM --> Fertile VN'),('E20','CURIOUS SEIKI VN'),('E21','(TOYO) DRILIBE VN'),('E22','OHASHI TEKKO VIETNAM'),('E23','Micro Techno'),('E24','DAITO RUBBER'),('E25','KURODA VN'),('E26','MABUCHI VN'),('E27','CHUBURIKA VIETNAM'),('E28','FUJIKURA VN/ FUJIKURA TRADING(HCM BRANCH)'),('E29','Vietinak VN'),('E30','Viet nam Nok co, LTD'),('E31','null'),('E32','Toyo Brazing VN'),('FT01','DENSO SALE THAI (TRADING APM6)'),('FT03','NIPPO'),('G01','NOK THAI'),('G02','HITACHI METALS THAI'),('G03','SWS THAILAND'),('G05','YAMADA SOMBOON'),('G06','DAIKI THAILAND'),('G66/G68','DENSO SALE THAI'),('H78/H84/H88','TOYOTA TSUSHO JAPAN 1 ( FIRMED PERIOD 2 WEEK)'),('H79','TOYOTA TSUSHO JAPAN 2 ( FIRMED PERIOD 4 WEEK)'),('H82','TOYOTA TSUSHO JAPAN 3 ( FIRMED PERIOD 6 WEEK)'),('H85','NAGASE CO.,Ltd'),('H87','TSUCHIYA'),('H89','TOYOTA TSUSHO JAPAN 7 (MASUYASU)'),('H91','OKAYA CO , . LTD'),('H92','IDAKA'),('H93','SANKO'),('H94','TSUCHIYA PARTS'),('H95','KONISHI Co.,LTD'),('H96','ITOMOL'),('H98','MITSUBISHI'),('I02','DAIMET KLANG'),('I03','NOK SINGAPORE'),('I04','HOKURIKU DENSO SINGAPORE'),('I05','NTA MACHINING STD BHD'),('I06','HOINAK LIMITTED'),('I07','ASAHI KOSEI (M) SDN.BHD.CO'),('I10','SCHAEFFLER (SINGAPORE)'),('I12','NITTO SHOJI LIMITTED'),('I14','HIRATA (SHENZHEN) CO.,LTD'),('I15','SHANGHAI MIKURO SPRING'),('I17','NISSIN KOGYO'),('I18','TDK HONGKONG'),('I20','SUMITOMO ELECTRIC ASIA PA'),('I21','GSE CAMBODIA'),('I23','Scherdel'),('I24','JONHSON ELECTRIC WORLD TRADE COMPANY'),('J01','DNJP'),('J01.1','DNJP'),('T08','MINEBEA'),('T14','YAHAGI THAILAND'),('TD11','DNIA'),('TD22','ADTH'),('TD30','DNMY'),('TD42','DNWX'),('TD50','DIAS'),('TD51','DIAS'),('TD60','HDVN Trading'),('TD61','DMVN'),('TD70','SKD'),('TD71','SKD');
/*!40000 ALTER TABLE `supplier` ENABLE KEYS */;
UNLOCK TABLES;

--
-- Table structure for table `tagnamereceivetlip`
--

DROP TABLE IF EXISTS `tagnamereceivetlip`;
/*!40101 SET @saved_cs_client     = @@character_set_client */;
/*!50503 SET character_set_client = utf8mb4 */;
CREATE TABLE `tagnamereceivetlip` (
  `Id` int NOT NULL AUTO_INCREMENT,
  `TagName` varchar(100) NOT NULL,
  `SupplierCode` varchar(100) NOT NULL,
  PRIMARY KEY (`Id`)
) ENGINE=InnoDB AUTO_INCREMENT=13 DEFAULT CHARSET=utf8mb4 COLLATE=utf8mb4_0900_ai_ci;
/*!40101 SET character_set_client = @saved_cs_client */;

--
-- Dumping data for table `tagnamereceivetlip`
--

LOCK TABLES `tagnamereceivetlip` WRITE;
/*!40000 ALTER TABLE `tagnamereceivetlip` DISABLE KEYS */;
INSERT INTO `tagnamereceivetlip` VALUES (1,'KCN','A01'),(2,'KCN','A02'),(3,'KCN','A03'),(4,'HCM','E27'),(5,'HCM','E13'),(6,'HCM','E14'),(7,'HCM','E18'),(8,'HCM','E03'),(9,'HCM','E02'),(10,'HCM','E04'),(11,'HCM','E30'),(12,'HCM','E26');
/*!40000 ALTER TABLE `tagnamereceivetlip` ENABLE KEYS */;
UNLOCK TABLES;

--
-- Table structure for table `weekday`
--

DROP TABLE IF EXISTS `weekday`;
/*!40101 SET @saved_cs_client     = @@character_set_client */;
/*!50503 SET character_set_client = utf8mb4 */;
CREATE TABLE `weekday` (
  `WeekdayID` int NOT NULL AUTO_INCREMENT,
  `DayName` varchar(50) CHARACTER SET utf8mb4 COLLATE utf8mb4_0900_ai_ci NOT NULL,
  PRIMARY KEY (`WeekdayID`)
) ENGINE=InnoDB AUTO_INCREMENT=8 DEFAULT CHARSET=utf8mb4 COLLATE=utf8mb4_0900_ai_ci;
/*!40101 SET character_set_client = @saved_cs_client */;

--
-- Dumping data for table `weekday`
--

LOCK TABLES `weekday` WRITE;
/*!40000 ALTER TABLE `weekday` DISABLE KEYS */;
INSERT INTO `weekday` VALUES (1,'Monday'),(2,'Tuesday'),(3,'Wednesday'),(4,'Thursday'),(5,'Friday'),(6,'Saturday'),(7,'Sunday');
/*!40000 ALTER TABLE `weekday` ENABLE KEYS */;
UNLOCK TABLES;
/*!40103 SET TIME_ZONE=@OLD_TIME_ZONE */;

/*!40101 SET SQL_MODE=@OLD_SQL_MODE */;
/*!40014 SET FOREIGN_KEY_CHECKS=@OLD_FOREIGN_KEY_CHECKS */;
/*!40014 SET UNIQUE_CHECKS=@OLD_UNIQUE_CHECKS */;
/*!40101 SET CHARACTER_SET_CLIENT=@OLD_CHARACTER_SET_CLIENT */;
/*!40101 SET CHARACTER_SET_RESULTS=@OLD_CHARACTER_SET_RESULTS */;
/*!40101 SET COLLATION_CONNECTION=@OLD_COLLATION_CONNECTION */;
/*!40111 SET SQL_NOTES=@OLD_SQL_NOTES */;

-- Dump completed on 2024-11-15 17:12:03
